0 verbose cli /opt/homebrew/Cellar/node/25.9.0_1/bin/node /opt/homebrew/bin/npm
1 info using npm@11.12.1
2 info using node@v25.9.0
3 silly config load:file:/opt/homebrew/lib/node_modules/npm/npmrc
4 silly config load:file:/Users/dylanvroegop/Documents/studio/.npmrc
5 silly config load:file:/Users/dylanvroegop/.npmrc
6 silly config load:file:/opt/homebrew/etc/npmrc
7 verbose title npm install
8 verbose argv "install" "--cache" ".npm-cache"
9 verbose logfile logs-max:10 dir:/Users/dylanvroegop/Documents/studio/.npm-cache/_logs/2026-05-05T14_16_38_542Z-
10 verbose logfile /Users/dylanvroegop/Documents/studio/.npm-cache/_logs/2026-05-05T14_16_38_542Z-debug-0.log
11 silly logfile done cleaning log files
12 silly packumentCache heap:4496293888 maxSize:1124073472 maxEntrySize:562036736
13 verbose shrinkwrap failed to load node_modules/.package-lock.json out of date, updated: node_modules
14 silly idealTree buildDeps
15 silly fetch manifest googleapis@^140.0.1
16 silly packumentCache full:https://registry.npmjs.org/googleapis cache-miss
17 http fetch GET 200 https://registry.npmjs.org/npm 378ms
18 http fetch GET 200 https://registry.npmjs.org/googleapis 400ms (cache miss)
19 silly packumentCache full:https://registry.npmjs.org/googleapis set size:undefined disposed:false
20 silly placeDep ROOT googleapis@140.0.1 OK for: nextn@0.1.0 want: ^140.0.1
21 silly fetch manifest googleapis-common@^7.0.0
22 silly packumentCache full:https://registry.npmjs.org/googleapis-common cache-miss
23 http fetch GET 200 https://registry.npmjs.org/googleapis-common 108ms (cache miss)
24 silly packumentCache full:https://registry.npmjs.org/googleapis-common set size:undefined disposed:false
25 silly placeDep ROOT googleapis-common@7.2.0 OK for: googleapis@140.0.1 want: ^7.0.0
26 silly fetch manifest qs@^6.7.0
27 silly packumentCache full:https://registry.npmjs.org/qs cache-miss
28 silly fetch manifest uuid@^9.0.0
29 silly packumentCache full:https://registry.npmjs.org/uuid cache-miss
30 silly fetch manifest url-template@^2.0.8
31 silly packumentCache full:https://registry.npmjs.org/url-template cache-miss
32 http fetch GET 200 https://registry.npmjs.org/qs 73ms (cache miss)
33 silly packumentCache full:https://registry.npmjs.org/qs set size:undefined disposed:false
34 http fetch GET 200 https://registry.npmjs.org/uuid 108ms (cache miss)
35 silly packumentCache full:https://registry.npmjs.org/uuid set size:undefined disposed:false
36 http fetch GET 200 https://registry.npmjs.org/url-template 246ms (cache miss)
37 silly packumentCache full:https://registry.npmjs.org/url-template set size:undefined disposed:false
38 silly placeDep ROOT qs@6.15.1 OK for: googleapis-common@7.2.0 want: ^6.7.0
39 silly placeDep ROOT url-template@2.0.8 OK for: googleapis-common@7.2.0 want: ^2.0.8
40 silly placeDep node_modules/googleapis-common uuid@9.0.1 OK for: googleapis-common@7.2.0 want: ^9.0.0
41 silly reify moves {}
42 silly audit bulk request {
42 silly audit   '@alloc/quick-lru': [ '5.2.0' ],
42 silly audit   '@babel/runtime': [ '7.28.4' ],
42 silly audit   '@cspotcode/source-map-support': [ '0.8.1' ],
42 silly audit   '@jridgewell/trace-mapping': [ '0.3.9', '0.3.31' ],
42 silly audit   '@emnapi/core': [ '1.7.1' ],
42 silly audit   '@emnapi/runtime': [ '1.7.1' ],
42 silly audit   '@emnapi/wasi-threads': [ '1.1.0' ],
42 silly audit   '@eslint-community/eslint-utils': [ '4.9.0' ],
42 silly audit   '@eslint-community/regexpp': [ '4.12.2' ],
42 silly audit   '@eslint/eslintrc': [ '2.1.4' ],
42 silly audit   '@eslint/js': [ '8.57.0' ],
42 silly audit   '@fastify/busboy': [ '2.1.1', '3.2.0' ],
42 silly audit   '@firebase/analytics': [ '0.10.5' ],
42 silly audit   '@firebase/analytics-compat': [ '0.2.11' ],
42 silly audit   '@firebase/analytics-types': [ '0.8.2' ],
42 silly audit   '@firebase/app': [ '0.10.6' ],
42 silly audit   '@firebase/app-check': [ '0.8.5' ],
42 silly audit   '@firebase/app-check-compat': [ '0.3.12' ],
42 silly audit   '@firebase/app-check-interop-types': [ '0.3.2', '0.3.3' ],
42 silly audit   '@firebase/app-check-types': [ '0.5.2' ],
42 silly audit   '@firebase/app-compat': [ '0.2.36' ],
42 silly audit   '@firebase/app-types': [ '0.9.2', '0.9.3' ],
42 silly audit   '@firebase/auth-compat': [ '0.5.10' ],
42 silly audit   '@firebase/auth': [ '1.7.5' ],
42 silly audit   '@firebase/auth-interop-types': [ '0.2.3', '0.2.4' ],
42 silly audit   '@firebase/auth-types': [ '0.12.2' ],
42 silly audit   '@firebase/component': [ '0.6.8', '0.7.0' ],
42 silly audit   '@firebase/database': [ '1.0.6', '1.1.0' ],
42 silly audit   '@firebase/database-compat': [ '1.0.6', '2.1.0' ],
42 silly audit   '@firebase/database-types': [ '1.0.4', '1.0.16' ],
42 silly audit   '@firebase/firestore': [ '4.6.4' ],
42 silly audit   '@firebase/firestore-compat': [ '0.3.33' ],
42 silly audit   '@firebase/firestore-types': [ '3.0.2' ],
42 silly audit   '@firebase/functions': [ '0.11.6' ],
42 silly audit   '@firebase/functions-compat': [ '0.3.12' ],
42 silly audit   '@firebase/functions-types': [ '0.6.2' ],
42 silly audit   '@firebase/installations': [ '0.6.8' ],
42 silly audit   '@firebase/installations-compat': [ '0.2.8' ],
42 silly audit   '@firebase/installations-types': [ '0.5.2' ],
42 silly audit   '@firebase/logger': [ '0.4.2', '0.5.0' ],
42 silly audit   '@firebase/messaging': [ '0.12.10' ],
42 silly audit   '@firebase/messaging-compat': [ '0.2.10' ],
42 silly audit   '@firebase/messaging-interop-types': [ '0.2.2' ],
42 silly audit   '@firebase/performance': [ '0.6.8' ],
42 silly audit   '@firebase/performance-compat': [ '0.2.8' ],
42 silly audit   '@firebase/performance-types': [ '0.2.2' ],
42 silly audit   '@firebase/remote-config': [ '0.4.8' ],
42 silly audit   '@firebase/remote-config-compat': [ '0.2.8' ],
42 silly audit   '@firebase/remote-config-types': [ '0.3.2' ],
42 silly audit   '@firebase/storage': [ '0.12.6' ],
42 silly audit   '@firebase/storage-compat': [ '0.3.9' ],
42 silly audit   '@firebase/storage-types': [ '0.8.2' ],
42 silly audit   '@firebase/util': [ '1.9.7', '1.13.0' ],
42 silly audit   '@firebase/vertexai-preview': [ '0.0.3' ],
42 silly audit   '@firebase/webchannel-wrapper': [ '1.0.1' ],
42 silly audit   '@floating-ui/core': [ '1.7.3' ],
42 silly audit   '@floating-ui/dom': [ '1.7.4' ],
42 silly audit   '@floating-ui/react-dom': [ '2.1.6' ],
42 silly audit   '@floating-ui/utils': [ '0.2.10' ],
42 silly audit   '@google-cloud/firestore': [ '7.11.6' ],
42 silly audit   '@google-cloud/paginator': [ '5.0.2' ],
42 silly audit   '@google-cloud/projectify': [ '4.0.0' ],
42 silly audit   '@google-cloud/promisify': [ '4.0.0' ],
42 silly audit   '@google-cloud/storage': [ '7.18.0' ],
42 silly audit   uuid: [ '8.3.2', '9.0.1', '11.1.0' ],
42 silly audit   '@grpc/grpc-js': [ '1.9.15', '1.14.3' ],
42 silly audit   '@grpc/proto-loader': [ '0.7.15', '0.8.0' ],
42 silly audit   '@humanwhocodes/config-array': [ '0.11.14' ],
42 silly audit   '@humanwhocodes/module-importer': [ '1.0.1' ],
42 silly audit   '@humanwhocodes/object-schema': [ '2.0.3' ],
42 silly audit   '@isaacs/cliui': [ '8.0.2' ],
42 silly audit   'ansi-regex': [ '6.2.2', '5.0.1' ],
42 silly audit   'strip-ansi': [ '7.1.2', '6.0.1' ],
42 silly audit   '@jridgewell/gen-mapping': [ '0.3.13' ],
42 silly audit   '@jridgewell/resolve-uri': [ '3.1.2' ],
42 silly audit   '@jridgewell/sourcemap-codec': [ '1.5.5' ],
42 silly audit   '@js-sdsl/ordered-map': [ '4.4.2' ],
42 silly audit   '@napi-rs/wasm-runtime': [ '0.2.12' ],
42 silly audit   '@next/env': [ '14.2.35' ],
42 silly audit   '@next/eslint-plugin-next': [ '14.2.8' ],
42 silly audit   '@next/swc-darwin-arm64': [ '14.2.33' ],
42 silly audit   '@next/swc-darwin-x64': [ '14.2.33' ],
42 silly audit   '@next/swc-linux-arm64-gnu': [ '14.2.33' ],
42 silly audit   '@next/swc-linux-arm64-musl': [ '14.2.33' ],
42 silly audit   '@next/swc-linux-x64-gnu': [ '14.2.33' ],
42 silly audit   '@next/swc-linux-x64-musl': [ '14.2.33' ],
42 silly audit   '@next/swc-win32-arm64-msvc': [ '14.2.33' ],
42 silly audit   '@next/swc-win32-ia32-msvc': [ '14.2.33' ],
42 silly audit   '@next/swc-win32-x64-msvc': [ '14.2.33' ],
42 silly audit   '@nodelib/fs.scandir': [ '2.1.5' ],
42 silly audit   '@nodelib/fs.stat': [ '2.0.5' ],
42 silly audit   '@nodelib/fs.walk': [ '1.2.8' ],
42 silly audit   '@nolyfill/is-core-module': [ '1.0.39' ],
42 silly audit   '@opentelemetry/api': [ '1.9.0' ],
42 silly audit   '@pkgjs/parseargs': [ '0.11.0' ],
42 silly audit   '@protobufjs/aspromise': [ '1.1.2' ],
42 silly audit   '@protobufjs/base64': [ '1.1.2' ],
42 silly audit   '@protobufjs/codegen': [ '2.0.4' ],
42 silly audit   '@protobufjs/eventemitter': [ '1.1.0' ],
42 silly audit   '@protobufjs/fetch': [ '1.1.0' ],
42 silly audit   '@protobufjs/float': [ '1.0.2' ],
42 silly audit   '@protobufjs/inquire': [ '1.1.0' ],
42 silly audit   '@protobufjs/path': [ '1.1.2' ],
42 silly audit   '@protobufjs/pool': [ '1.1.0' ],
42 silly audit   '@protobufjs/utf8': [ '1.1.0' ],
42 silly audit   '@radix-ui/number': [ '1.1.0' ],
42 silly audit   '@radix-ui/primitive': [ '1.1.1', '1.1.2' ],
42 silly audit   '@radix-ui/react-accordion': [ '1.2.3' ],
42 silly audit   '@radix-ui/react-collapsible': [ '1.1.3', '1.1.11' ],
42 silly audit   '@radix-ui/react-alert-dialog': [ '1.1.6' ],
42 silly audit   '@radix-ui/react-slot': [ '1.1.2', '1.2.3' ],
42 silly audit   '@radix-ui/react-arrow': [ '1.1.2' ],
42 silly audit   '@radix-ui/react-avatar': [ '1.1.3' ],
42 silly audit   '@radix-ui/react-checkbox': [ '1.1.4' ],
42 silly audit   '@radix-ui/react-compose-refs': [ '1.1.2', '1.1.1' ],
42 silly audit   '@radix-ui/react-context': [ '1.1.2', '1.1.1' ],
42 silly audit   '@radix-ui/react-id': [ '1.1.1', '1.1.0' ],
42 silly audit   '@radix-ui/react-presence': [ '1.1.4', '1.1.2' ],
42 silly audit   '@radix-ui/react-primitive': [ '2.1.3', '2.0.2' ],
42 silly audit   '@radix-ui/react-use-controllable-state': [ '1.2.2', '1.1.0' ],
42 silly audit   '@radix-ui/react-use-layout-effect': [ '1.1.1', '1.1.0' ],
42 silly audit   '@radix-ui/react-collection': [ '1.1.2' ],
42 silly audit   '@radix-ui/react-dialog': [ '1.1.6' ],
42 silly audit   '@radix-ui/react-direction': [ '1.1.0' ],
42 silly audit   '@radix-ui/react-dismissable-layer': [ '1.1.5' ],
42 silly audit   '@radix-ui/react-dropdown-menu': [ '2.1.6' ],
42 silly audit   '@radix-ui/react-focus-guards': [ '1.1.1' ],
42 silly audit   '@radix-ui/react-focus-scope': [ '1.1.2' ],
42 silly audit   '@radix-ui/react-label': [ '2.1.2' ],
42 silly audit   '@radix-ui/react-menu': [ '2.1.6' ],
42 silly audit   '@radix-ui/react-menubar': [ '1.1.6' ],
42 silly audit   '@radix-ui/react-popover': [ '1.1.6' ],
42 silly audit   '@radix-ui/react-popper': [ '1.2.2' ],
42 silly audit   '@radix-ui/react-portal': [ '1.1.4' ],
42 silly audit   '@radix-ui/react-progress': [ '1.1.2' ],
42 silly audit   '@radix-ui/react-radio-group': [ '1.2.3' ],
42 silly audit   '@radix-ui/react-roving-focus': [ '1.1.2' ],
42 silly audit   '@radix-ui/react-scroll-area': [ '1.2.3' ],
42 silly audit   '@radix-ui/react-select': [ '2.1.6' ],
42 silly audit   '@radix-ui/react-separator': [ '1.1.2' ],
42 silly audit   '@radix-ui/react-slider': [ '1.2.3' ],
42 silly audit   '@radix-ui/react-switch': [ '1.1.3' ],
42 silly audit   '@radix-ui/react-tabs': [ '1.1.3' ],
42 silly audit   '@radix-ui/react-toast': [ '1.2.6' ],
42 silly audit   '@radix-ui/react-tooltip': [ '1.1.8' ],
42 silly audit   '@radix-ui/react-use-callback-ref': [ '1.1.0' ],
42 silly audit   '@radix-ui/react-use-effect-event': [ '0.0.2' ],
42 silly audit   '@radix-ui/react-use-escape-keydown': [ '1.1.0' ],
42 silly audit   '@radix-ui/react-use-previous': [ '1.1.0' ],
42 silly audit   '@radix-ui/react-use-rect': [ '1.1.0' ],
42 silly audit   '@radix-ui/react-use-size': [ '1.1.0' ],
42 silly audit   '@radix-ui/react-visually-hidden': [ '1.1.2' ],
42 silly audit   '@radix-ui/rect': [ '1.1.0' ],
42 silly audit   '@rtsao/scc': [ '1.1.0' ],
42 silly audit   '@rushstack/eslint-patch': [ '1.15.0' ],
42 silly audit   '@supabase/auth-js': [ '2.64.4' ],
42 silly audit   '@supabase/functions-js': [ '2.4.1' ],
42 silly audit   '@supabase/node-fetch': [ '2.6.15' ],
42 silly audit   '@supabase/postgrest-js': [ '1.15.8' ],
42 silly audit   '@supabase/realtime-js': [ '2.10.2' ],
42 silly audit   '@supabase/storage-js': [ '2.6.0' ],
42 silly audit   '@supabase/supabase-js': [ '2.45.0' ],
42 silly audit   '@swc/counter': [ '0.1.3' ],
42 silly audit   '@swc/helpers': [ '0.5.5' ],
42 silly audit   '@tootallnate/once': [ '2.0.0' ],
42 silly audit   '@tsconfig/node10': [ '1.0.12' ],
42 silly audit   '@tsconfig/node12': [ '1.0.11' ],
42 silly audit   '@tsconfig/node14': [ '1.0.3' ],
42 silly audit   '@tsconfig/node16': [ '1.0.4' ],
42 silly audit   '@tybys/wasm-util': [ '0.10.1' ],
42 silly audit   '@types/body-parser': [ '1.19.6' ],
42 silly audit   '@types/caseless': [ '0.12.5' ],
42 silly audit   '@types/connect': [ '3.4.38' ],
42 silly audit   '@types/d3-array': [ '3.2.2' ],
42 silly audit   '@types/d3-color': [ '3.1.3' ],
42 silly audit   '@types/d3-ease': [ '3.0.2' ],
42 silly audit   '@types/d3-interpolate': [ '3.0.4' ],
42 silly audit   '@types/d3-path': [ '3.1.1' ],
42 silly audit   '@types/d3-scale': [ '4.0.9' ],
42 silly audit   '@types/d3-shape': [ '3.1.7' ],
42 silly audit   '@types/d3-time': [ '3.0.4' ],
42 silly audit   '@types/d3-timer': [ '3.0.2' ],
42 silly audit   '@types/express': [ '4.17.25' ],
42 silly audit   '@types/express-serve-static-core': [ '4.19.7' ],
42 silly audit   '@types/http-errors': [ '2.0.5' ],
42 silly audit   '@types/json-schema': [ '7.0.15' ],
42 silly audit   '@types/json5': [ '0.0.29' ],
42 silly audit   '@types/jsonwebtoken': [ '9.0.10' ],
42 silly audit   '@types/long': [ '4.0.2' ],
42 silly audit   '@types/mime': [ '1.3.5' ],
42 silly audit   '@types/ms': [ '2.1.0' ],
42 silly audit   '@types/node': [ '20.11.30', '22.19.3' ],
42 silly audit   '@types/pako': [ '2.0.4' ],
42 silly audit   '@types/phoenix': [ '1.6.7' ],
42 silly audit   '@types/prop-types': [ '15.7.15' ],
42 silly audit   '@types/qs': [ '6.14.0' ],
42 silly audit   '@types/raf': [ '3.4.3' ],
42 silly audit   '@types/range-parser': [ '1.2.7' ],
42 silly audit   '@types/react': [ '18.2.66' ],
42 silly audit   '@types/react-dom': [ '18.2.22' ],
42 silly audit   '@types/request': [ '2.48.13' ],
42 silly audit   '@types/scheduler': [ '0.26.0' ],
42 silly audit   '@types/semver': [ '7.7.1' ],
42 silly audit   '@types/send': [ '1.2.1', '0.17.6' ],
42 silly audit   '@types/serve-static': [ '1.15.10' ],
42 silly audit   '@types/tough-cookie': [ '4.0.5' ],
42 silly audit   '@types/trusted-types': [ '2.0.7' ],
42 silly audit   '@types/ws': [ '8.18.1' ],
42 silly audit   '@typescript-eslint/eslint-plugin': [ '7.2.0' ],
42 silly audit   '@typescript-eslint/parser': [ '7.2.0' ],
42 silly audit   '@typescript-eslint/scope-manager': [ '7.2.0' ],
42 silly audit   '@typescript-eslint/type-utils': [ '7.2.0' ],
42 silly audit   '@typescript-eslint/types': [ '7.2.0' ],
42 silly audit   '@typescript-eslint/typescript-estree': [ '7.2.0' ],
42 silly audit   'brace-expansion': [ '2.0.2', '1.1.12' ],
42 silly audit   minimatch: [ '9.0.3', '9.0.5', '3.1.2' ],
42 silly audit   '@typescript-eslint/utils': [ '7.2.0' ],
42 silly audit   '@typescript-eslint/visitor-keys': [ '7.2.0' ],
42 silly audit   '@ungap/structured-clone': [ '1.3.0' ],
42 silly audit   '@unrs/resolver-binding-android-arm-eabi': [ '1.11.1' ],
42 silly audit   '@unrs/resolver-binding-android-arm64': [ '1.11.1' ],
42 silly audit   '@unrs/resolver-binding-darwin-arm64': [ '1.11.1' ],
42 silly audit   '@unrs/resolver-binding-darwin-x64': [ '1.11.1' ],
42 silly audit   '@unrs/resolver-binding-freebsd-x64': [ '1.11.1' ],
42 silly audit   '@unrs/resolver-binding-linux-arm-gnueabihf': [ '1.11.1' ],
42 silly audit   '@unrs/resolver-binding-linux-arm-musleabihf': [ '1.11.1' ],
42 silly audit   '@unrs/resolver-binding-linux-arm64-gnu': [ '1.11.1' ],
42 silly audit   '@unrs/resolver-binding-linux-arm64-musl': [ '1.11.1' ],
42 silly audit   '@unrs/resolver-binding-linux-ppc64-gnu': [ '1.11.1' ],
42 silly audit   '@unrs/resolver-binding-linux-riscv64-gnu': [ '1.11.1' ],
42 silly audit   '@unrs/resolver-binding-linux-riscv64-musl': [ '1.11.1' ],
42 silly audit   '@unrs/resolver-binding-linux-s390x-gnu': [ '1.11.1' ],
42 silly audit   '@unrs/resolver-binding-linux-x64-gnu': [ '1.11.1' ],
42 silly audit   '@unrs/resolver-binding-linux-x64-musl': [ '1.11.1' ],
42 silly audit   '@unrs/resolver-binding-wasm32-wasi': [ '1.11.1' ],
42 silly audit   '@unrs/resolver-binding-win32-arm64-msvc': [ '1.11.1' ],
42 silly audit   '@unrs/resolver-binding-win32-ia32-msvc': [ '1.11.1' ],
42 silly audit   '@unrs/resolver-binding-win32-x64-msvc': [ '1.11.1' ],
42 silly audit   '@yarnpkg/lockfile': [ '1.1.0' ],
42 silly audit   'abort-controller': [ '3.0.0' ],
42 silly audit   acorn: [ '8.15.0' ],
42 silly audit   'acorn-jsx': [ '5.3.2' ],
42 silly audit   'acorn-walk': [ '8.3.4' ],
42 silly audit   'agent-base': [ '7.1.4', '6.0.2' ],
42 silly audit   ajv: [ '6.12.6' ],
42 silly audit   'ansi-styles': [ '4.3.0', '6.2.3' ],
42 silly audit   'any-promise': [ '1.3.0' ],
42 silly audit   anymatch: [ '3.1.3' ],
42 silly audit   arg: [ '5.0.2', '4.1.3' ],
42 silly audit   argparse: [ '2.0.1' ],
42 silly audit   'aria-hidden': [ '1.2.6' ],
42 silly audit   'aria-query': [ '5.3.2' ],
42 silly audit   'array-buffer-byte-length': [ '1.0.2' ],
42 silly audit   'array-includes': [ '3.1.9' ],
42 silly audit   'array-union': [ '2.1.0' ],
42 silly audit   'array.prototype.findlast': [ '1.2.5' ],
42 silly audit   'array.prototype.findlastindex': [ '1.2.6' ],
42 silly audit   'array.prototype.flat': [ '1.3.3' ],
42 silly audit   'array.prototype.flatmap': [ '1.3.3' ],
42 silly audit   'array.prototype.tosorted': [ '1.1.4' ],
42 silly audit   'arraybuffer.prototype.slice': [ '1.0.4' ],
42 silly audit   arrify: [ '2.0.1' ],
42 silly audit   'ast-types-flow': [ '0.0.8' ],
42 silly audit   'async-function': [ '1.0.0' ],
42 silly audit   'async-retry': [ '1.3.3' ],
42 silly audit   asynckit: [ '0.4.0' ],
42 silly audit   'at-least-node': [ '1.0.0' ],
42 silly audit   'available-typed-arrays': [ '1.0.7' ],
42 silly audit   'axe-core': [ '4.11.0' ],
42 silly audit   axios: [ '1.13.2' ],
42 silly audit   'form-data': [ '4.0.5', '2.5.5' ],
42 silly audit   'axobject-query': [ '4.1.0' ],
42 silly audit   'balanced-match': [ '1.0.2' ],
42 silly audit   'base64-arraybuffer': [ '1.0.2' ],
42 silly audit   'base64-js': [ '1.5.1' ],
42 silly audit   'bignumber.js': [ '9.3.1' ],
42 silly audit   'binary-extensions': [ '2.3.0' ],
42 silly audit   braces: [ '3.0.3' ],
42 silly audit   'buffer-equal-constant-time': [ '1.0.1' ],
42 silly audit   busboy: [ '1.6.0' ],
42 silly audit   'call-bind': [ '1.0.8' ],
42 silly audit   'call-bind-apply-helpers': [ '1.0.2' ],
42 silly audit   'call-bound': [ '1.0.4' ],
42 silly audit   callsites: [ '3.1.0' ],
42 silly audit   'camelcase-css': [ '2.0.1' ],
42 silly audit   'caniuse-lite': [ '1.0.30001761' ],
42 silly audit   canvg: [ '3.0.11' ],
42 silly audit   chalk: [ '4.1.2' ],
42 silly audit   chokidar: [ '3.6.0' ],
42 silly audit   'glob-parent': [ '5.1.2', '6.0.2' ],
42 silly audit   'ci-info': [ '3.9.0' ],
42 silly audit   'class-variance-authority': [ '0.7.1' ],
42 silly audit   'client-only': [ '0.0.1' ],
42 silly audit   cliui: [ '8.0.1' ],
42 silly audit   'emoji-regex': [ '8.0.0', '9.2.2' ],
42 silly audit   'string-width': [ '4.2.3', '5.1.2' ],
42 silly audit   'wrap-ansi': [ '7.0.0', '8.1.0' ],
42 silly audit   clsx: [ '2.1.1' ],
42 silly audit   'color-convert': [ '2.0.1' ],
42 silly audit   'color-name': [ '1.1.4' ],
42 silly audit   'combined-stream': [ '1.0.8' ],
42 silly audit   commander: [ '4.1.1' ],
42 silly audit   'concat-map': [ '0.0.1' ],
42 silly audit   'core-js': [ '3.48.0' ],
42 silly audit   'create-require': [ '1.1.1' ],
42 silly audit   'cross-spawn': [ '7.0.6' ],
42 silly audit   'css-line-break': [ '2.1.0' ],
42 silly audit   cssesc: [ '3.0.0' ],
42 silly audit   csstype: [ '3.2.3' ],
42 silly audit   'd3-array': [ '3.2.4' ],
42 silly audit   'd3-color': [ '3.1.0' ],
42 silly audit   'd3-ease': [ '3.0.1' ],
42 silly audit   'd3-format': [ '3.1.0' ],
42 silly audit   'd3-interpolate': [ '3.0.1' ],
42 silly audit   'd3-path': [ '3.1.0' ],
42 silly audit   'd3-scale': [ '4.0.2' ],
42 silly audit   'd3-shape': [ '3.2.0' ],
42 silly audit   'd3-time': [ '3.1.0' ],
42 silly audit   'd3-time-format': [ '4.1.0' ],
42 silly audit   'd3-timer': [ '3.0.1' ],
42 silly audit   'damerau-levenshtein': [ '1.0.8' ],
42 silly audit   'data-view-buffer': [ '1.0.2' ],
42 silly audit   'data-view-byte-length': [ '1.0.2' ],
42 silly audit   'data-view-byte-offset': [ '1.0.1' ],
42 silly audit   'date-fns': [ '3.6.0' ],
42 silly audit   debug: [ '4.4.3', '3.2.7' ],
42 silly audit   'decimal.js-light': [ '2.5.1' ],
42 silly audit   'deep-is': [ '0.1.4' ],
42 silly audit   'define-data-property': [ '1.1.4' ],
42 silly audit   'define-properties': [ '1.2.1' ],
42 silly audit   'delayed-stream': [ '1.0.0' ],
42 silly audit   'detect-node-es': [ '1.1.0' ],
42 silly audit   didyoumean: [ '1.2.2' ],
42 silly audit   diff: [ '4.0.4' ],
42 silly audit   'dir-glob': [ '3.0.1' ],
42 silly audit   dlv: [ '1.1.3' ],
42 silly audit   doctrine: [ '3.0.0', '2.1.0' ],
42 silly audit   'dom-helpers': [ '5.2.1' ],
42 silly audit   dompurify: [ '3.3.1' ],
42 silly audit   dotenv: [ '17.2.3' ],
42 silly audit   'dunder-proto': [ '1.0.1' ],
42 silly audit   duplexify: [ '4.1.3' ],
42 silly audit   eastasianwidth: [ '0.2.0' ],
42 silly audit   'ecdsa-sig-formatter': [ '1.0.11' ],
42 silly audit   'embla-carousel': [ '8.6.0' ],
42 silly audit   'embla-carousel-react': [ '8.6.0' ],
42 silly audit   'embla-carousel-reactive-utils': [ '8.6.0' ],
42 silly audit   'end-of-stream': [ '1.4.5' ],
42 silly audit   'es-abstract': [ '1.24.1' ],
42 silly audit   'es-define-property': [ '1.0.1' ],
42 silly audit   'es-errors': [ '1.3.0' ],
42 silly audit   'es-iterator-helpers': [ '1.2.2' ],
42 silly audit   'es-object-atoms': [ '1.1.1' ],
42 silly audit   'es-set-tostringtag': [ '2.1.0' ],
42 silly audit   'es-shim-unscopables': [ '1.1.0' ],
42 silly audit   'es-to-primitive': [ '1.3.0' ],
42 silly audit   escalade: [ '3.2.0' ],
42 silly audit   'escape-string-regexp': [ '4.0.0' ],
42 silly audit   eslint: [ '8.57.0' ],
42 silly audit   'eslint-config-next': [ '14.2.8' ],
42 silly audit   'eslint-import-resolver-node': [ '0.3.9' ],
42 silly audit   'eslint-import-resolver-typescript': [ '3.10.1' ],
42 silly audit   'eslint-module-utils': [ '2.12.1' ],
42 silly audit   'eslint-plugin-import': [ '2.32.0' ],
42 silly audit   semver: [ '6.3.1', '7.7.3' ],
42 silly audit   'eslint-plugin-jsx-a11y': [ '6.10.2' ],
42 silly audit   'eslint-plugin-react': [ '7.37.5' ],
42 silly audit   'eslint-plugin-react-hooks': [ '5.0.0-canary-7118f5dd7-20230705' ],
42 silly audit   resolve: [ '2.0.0-next.5', '1.22.11' ],
42 silly audit   'eslint-scope': [ '7.2.2' ],
42 silly audit   'eslint-visitor-keys': [ '3.4.3' ],
42 silly audit   espree: [ '9.6.1' ],
42 silly audit   esquery: [ '1.6.0' ],
42 silly audit   esrecurse: [ '4.3.0' ],
42 silly audit   estraverse: [ '5.3.0' ],
42 silly audit   esutils: [ '2.0.3' ],
42 silly audit   'event-target-shim': [ '5.0.1' ],
42 silly audit   eventemitter3: [ '4.0.7' ],
42 silly audit   extend: [ '3.0.2' ],
42 silly audit   'farmhash-modern': [ '1.1.0' ],
42 silly audit   'fast-deep-equal': [ '3.1.3' ],
42 silly audit   'fast-equals': [ '5.4.0' ],
42 silly audit   'fast-glob': [ '3.3.3' ],
42 silly audit   'fast-json-stable-stringify': [ '2.1.0' ],
42 silly audit   'fast-levenshtein': [ '2.0.6' ],
42 silly audit   'fast-png': [ '6.4.0' ],
42 silly audit   'fast-xml-parser': [ '4.5.3' ],
42 silly audit   fastq: [ '1.19.1' ],
42 silly audit   'faye-websocket': [ '0.11.4' ],
42 silly audit   fflate: [ '0.8.2' ],
42 silly audit   'file-entry-cache': [ '6.0.1' ],
42 silly audit   'fill-range': [ '7.1.1' ],
42 silly audit   'find-up': [ '5.0.0' ],
42 silly audit   'find-yarn-workspace-root': [ '2.0.0' ],
42 silly audit   firebase: [ '10.12.3' ],
42 silly audit   'firebase-admin': [ '13.6.0' ],
42 silly audit   'undici-types': [ '6.21.0', '5.26.5' ],
42 silly audit   'flat-cache': [ '3.2.0' ],
42 silly audit   flatted: [ '3.3.3' ],
42 silly audit   'follow-redirects': [ '1.15.11' ],
42 silly audit   'for-each': [ '0.3.5' ],
42 silly audit   'foreground-child': [ '3.3.1' ],
42 silly audit   'framer-motion': [ '11.3.19' ],
42 silly audit   'fs-extra': [ '9.1.0' ],
42 silly audit   'fs.realpath': [ '1.0.0' ],
42 silly audit   fsevents: [ '2.3.3', '2.3.2' ],
42 silly audit   'function-bind': [ '1.1.2' ],
42 silly audit   'function.prototype.name': [ '1.1.8' ],
42 silly audit   'functional-red-black-tree': [ '1.0.1' ],
42 silly audit   'functions-have-names': [ '1.2.3' ],
42 silly audit   gaxios: [ '6.7.1' ],
42 silly audit   'gcp-metadata': [ '6.1.1' ],
42 silly audit   'generator-function': [ '2.0.1' ],
42 silly audit   'get-caller-file': [ '2.0.5' ],
42 silly audit   'get-intrinsic': [ '1.3.0' ],
42 silly audit   'get-nonce': [ '1.0.1' ],
42 silly audit   'get-proto': [ '1.0.1' ],
42 silly audit   'get-symbol-description': [ '1.1.0' ],
42 silly audit   'get-tsconfig': [ '4.13.0' ],
42 silly audit   glob: [ '10.3.10', '7.2.3' ],
42 silly audit   globals: [ '13.24.0' ],
42 silly audit   globalthis: [ '1.0.4' ],
42 silly audit   globby: [ '11.1.0' ],
42 silly audit   'google-auth-library': [ '9.15.1' ],
42 silly audit   'google-gax': [ '4.6.1' ],
42 silly audit   'google-logging-utils': [ '0.0.2' ],
42 silly audit   gopd: [ '1.2.0' ],
42 silly audit   'graceful-fs': [ '4.2.11' ],
42 silly audit   graphemer: [ '1.4.0' ],
42 silly audit   gtoken: [ '7.1.0' ],
42 silly audit   'has-bigints': [ '1.1.0' ],
42 silly audit   'has-flag': [ '4.0.0' ],
42 silly audit   'has-property-descriptors': [ '1.0.2' ],
42 silly audit   'has-proto': [ '1.2.0' ],
42 silly audit   'has-symbols': [ '1.1.0' ],
42 silly audit   'has-tostringtag': [ '1.0.2' ],
42 silly audit   hasown: [ '2.0.2' ],
42 silly audit   'html-entities': [ '2.6.0' ],
42 silly audit   html2canvas: [ '1.4.1' ],
42 silly audit   'http-parser-js': [ '0.5.10' ],
42 silly audit   'http-proxy-agent': [ '5.0.0' ],
42 silly audit   'https-proxy-agent': [ '7.0.6', '5.0.1' ],
42 silly audit   idb: [ '7.1.1' ],
42 silly audit   ignore: [ '5.3.2' ],
42 silly audit   'import-fresh': [ '3.3.1' ],
42 silly audit   imurmurhash: [ '0.1.4' ],
42 silly audit   inflight: [ '1.0.6' ],
42 silly audit   inherits: [ '2.0.4' ],
42 silly audit   'internal-slot': [ '1.1.0' ],
42 silly audit   internmap: [ '2.0.3' ],
42 silly audit   iobuffer: [ '5.4.0' ],
42 silly audit   'is-array-buffer': [ '3.0.5' ],
42 silly audit   'is-async-function': [ '2.1.1' ],
42 silly audit   'is-bigint': [ '1.1.0' ],
42 silly audit   'is-binary-path': [ '2.1.0' ],
42 silly audit   'is-boolean-object': [ '1.2.2' ],
42 silly audit   'is-bun-module': [ '2.0.0' ],
42 silly audit   'is-callable': [ '1.2.7' ],
42 silly audit   'is-core-module': [ '2.16.1' ],
42 silly audit   'is-data-view': [ '1.0.2' ],
42 silly audit   'is-date-object': [ '1.1.0' ],
42 silly audit   'is-docker': [ '2.2.1' ],
42 silly audit   'is-extglob': [ '2.1.1' ],
42 silly audit   'is-finalizationregistry': [ '1.1.1' ],
42 silly audit   'is-fullwidth-code-point': [ '3.0.0' ],
42 silly audit   'is-generator-function': [ '1.1.2' ],
42 silly audit   'is-glob': [ '4.0.3' ],
42 silly audit   'is-map': [ '2.0.3' ],
42 silly audit   'is-negative-zero': [ '2.0.3' ],
42 silly audit   'is-number': [ '7.0.0' ],
42 silly audit   'is-number-object': [ '1.1.1' ],
42 silly audit   'is-path-inside': [ '3.0.3' ],
42 silly audit   'is-regex': [ '1.2.1' ],
42 silly audit   'is-set': [ '2.0.3' ],
42 silly audit   'is-shared-array-buffer': [ '1.0.4' ],
42 silly audit   'is-stream': [ '2.0.1' ],
42 silly audit   'is-string': [ '1.1.1' ],
42 silly audit   'is-symbol': [ '1.1.1' ],
42 silly audit   'is-typed-array': [ '1.1.15' ],
42 silly audit   'is-weakmap': [ '2.0.2' ],
42 silly audit   'is-weakref': [ '1.1.1' ],
42 silly audit   'is-weakset': [ '2.0.4' ],
42 silly audit   'is-wsl': [ '2.2.0' ],
42 silly audit   isarray: [ '2.0.5' ],
42 silly audit   isexe: [ '2.0.0' ],
42 silly audit   'iterator.prototype': [ '1.1.5' ],
42 silly audit   jackspeak: [ '2.3.6' ],
42 silly audit   jiti: [ '1.21.7' ],
42 silly audit   jose: [ '4.15.9' ],
42 silly audit   'js-tokens': [ '4.0.0' ],
42 silly audit   'js-yaml': [ '4.1.1' ],
42 silly audit   'json-bigint': [ '1.0.0' ],
42 silly audit   'json-buffer': [ '3.0.1' ],
42 silly audit   'json-schema-traverse': [ '0.4.1' ],
42 silly audit   'json-stable-stringify': [ '1.3.0' ],
42 silly audit   'json-stable-stringify-without-jsonify': [ '1.0.1' ],
42 silly audit   json5: [ '1.0.2' ],
42 silly audit   jsonfile: [ '6.2.0' ],
42 silly audit   jsonify: [ '0.0.1' ],
42 silly audit   jsonwebtoken: [ '9.0.3' ],
42 silly audit   jspdf: [ '4.0.0' ],
42 silly audit   'jsx-ast-utils': [ '3.3.5' ],
42 silly audit   jwa: [ '2.0.1' ],
42 silly audit   'jwks-rsa': [ '3.2.0' ],
42 silly audit   jws: [ '4.0.1' ],
42 silly audit   keyv: [ '4.5.4' ],
42 silly audit   'klaw-sync': [ '6.0.0' ],
42 silly audit   'language-subtag-registry': [ '0.3.23' ],
42 silly audit   'language-tags': [ '1.0.9' ],
42 silly audit   levn: [ '0.4.1' ],
42 silly audit   lilconfig: [ '2.1.0', '3.1.3' ],
42 silly audit   limiter: [ '1.1.5' ],
42 silly audit   'lines-and-columns': [ '1.2.4' ],
42 silly audit   'locate-path': [ '6.0.0' ],
42 silly audit   lodash: [ '4.17.21' ],
42 silly audit   'lodash.camelcase': [ '4.3.0' ],
42 silly audit   'lodash.clonedeep': [ '4.5.0' ],
42 silly audit   'lodash.includes': [ '4.3.0' ],
42 silly audit   'lodash.isboolean': [ '3.0.3' ],
42 silly audit   'lodash.isinteger': [ '4.0.4' ],
42 silly audit   'lodash.isnumber': [ '3.0.3' ],
42 silly audit   'lodash.isplainobject': [ '4.0.6' ],
42 silly audit   'lodash.isstring': [ '4.0.1' ],
42 silly audit   'lodash.merge': [ '4.6.2' ],
42 silly audit   'lodash.once': [ '4.1.1' ],
42 silly audit   long: [ '5.3.2' ],
42 silly audit   'loose-envify': [ '1.4.0' ],
42 silly audit   'lru-cache': [ '10.4.3', '6.0.0' ],
42 silly audit   'lru-memoizer': [ '2.3.0' ],
42 silly audit   'lucide-react': [ '0.475.0' ],
42 silly audit   'make-error': [ '1.3.6' ],
42 silly audit   'math-intrinsics': [ '1.1.0' ],
42 silly audit   merge2: [ '1.4.1' ],
42 silly audit   micromatch: [ '4.0.8' ],
42 silly audit   mime: [ '3.0.0' ],
42 silly audit   'mime-db': [ '1.52.0' ],
42 silly audit   'mime-types': [ '2.1.35' ],
42 silly audit   minimist: [ '1.2.8' ],
42 silly audit   minipass: [ '7.1.2' ],
42 silly audit   ms: [ '2.1.3' ],
42 silly audit   mz: [ '2.7.0' ],
42 silly audit   nanoid: [ '3.3.11' ],
42 silly audit   'napi-postinstall': [ '0.3.4' ],
42 silly audit   'natural-compare': [ '1.4.0' ],
42 silly audit   next: [ '14.2.35' ],
42 silly audit   postcss: [ '8.4.31', '8.4.38' ],
42 silly audit   'node-fetch': [ '2.7.0' ],
42 silly audit   'node-forge': [ '1.3.3' ],
42 silly audit   'normalize-path': [ '3.0.0' ],
42 silly audit   'object-assign': [ '4.1.1' ],
42 silly audit   'object-hash': [ '3.0.0' ],
42 silly audit   'object-inspect': [ '1.13.4' ],
42 silly audit   'object-keys': [ '1.1.1' ],
42 silly audit   'object.assign': [ '4.1.7' ],
42 silly audit   'object.entries': [ '1.1.9' ],
42 silly audit   'object.fromentries': [ '2.0.8' ],
42 silly audit   'object.groupby': [ '1.0.3' ],
42 silly audit   'object.values': [ '1.2.1' ],
42 silly audit   once: [ '1.4.0' ],
42 silly audit   open: [ '7.4.2' ],
42 silly audit   optionator: [ '0.9.4' ],
42 silly audit   'os-tmpdir': [ '1.0.2' ],
42 silly audit   'own-keys': [ '1.0.1' ],
42 silly audit   'p-limit': [ '3.1.0' ],
42 silly audit   'p-locate': [ '5.0.0' ],
42 silly audit   pako: [ '2.1.0' ],
42 silly audit   'parent-module': [ '1.0.1' ],
42 silly audit   'patch-package': [ '8.0.0' ],
42 silly audit   rimraf: [ '2.7.1', '3.0.2' ],
42 silly audit   slash: [ '2.0.0', '3.0.0' ],
42 silly audit   'path-exists': [ '4.0.0' ],
42 silly audit   'path-is-absolute': [ '1.0.1' ],
42 silly audit   'path-key': [ '3.1.1' ],
42 silly audit   'path-parse': [ '1.0.7' ],
42 silly audit   'path-scurry': [ '1.11.1' ],
42 silly audit   'path-type': [ '4.0.0' ],
42 silly audit   'performance-now': [ '2.1.0' ],
42 silly audit   picocolors: [ '1.1.1' ],
42 silly audit   picomatch: [ '2.3.1', '4.0.3' ],
42 silly audit   pify: [ '2.3.0' ],
42 silly audit   pirates: [ '4.0.7' ],
42 silly audit   playwright: [ '1.58.2' ],
42 silly audit   'playwright-core': [ '1.58.2' ],
42 silly audit   'possible-typed-array-names': [ '1.1.0' ],
42 silly audit   'postcss-import': [ '15.1.0' ],
42 silly audit   'postcss-js': [ '4.1.0' ],
42 silly audit   'postcss-nested': [ '6.2.0' ],
42 silly audit   'postcss-selector-parser': [ '6.1.2' ],
42 silly audit   'postcss-value-parser': [ '4.2.0' ],
42 silly audit   'prelude-ls': [ '1.2.1' ],
42 silly audit   'prop-types': [ '15.8.1' ],
42 silly audit   'proto3-json-serializer': [ '2.0.2' ],
42 silly audit   protobufjs: [ '7.5.4' ],
42 silly audit   'proxy-from-env': [ '1.1.0' ],
42 silly audit   punycode: [ '2.3.1' ],
42 silly audit   'queue-microtask': [ '1.2.3' ],
42 silly audit   raf: [ '3.4.1' ],
42 silly audit   react: [ '18.2.0' ],
42 silly audit   'react-day-picker': [ '8.10.1' ],
42 silly audit   'react-dom': [ '18.2.0' ],
42 silly audit   'react-hook-form': [ '7.69.0' ],
42 silly audit   'react-is': [ '16.13.1', '18.3.1' ],
42 silly audit   'react-remove-scroll': [ '2.7.2' ],
42 silly audit   'react-remove-scroll-bar': [ '2.3.8' ],
42 silly audit   'react-smooth': [ '4.0.4' ],
42 silly audit   'react-style-singleton': [ '2.2.3' ],
42 silly audit   'react-transition-group': [ '4.4.5' ],
42 silly audit   'react-zoom-pan-pinch': [ '3.7.0' ],
42 silly audit   'read-cache': [ '1.0.0' ],
42 silly audit   'readable-stream': [ '3.6.2' ],
42 silly audit   readdirp: [ '3.6.0' ],
42 silly audit   recharts: [ '2.15.1' ],
42 silly audit   'recharts-scale': [ '0.4.5' ],
42 silly audit   'reflect.getprototypeof': [ '1.0.10' ],
42 silly audit   'regenerator-runtime': [ '0.13.11' ],
42 silly audit   'regexp.prototype.flags': [ '1.5.4' ],
42 silly audit   'require-directory': [ '2.1.1' ],
42 silly audit   'resolve-from': [ '4.0.0' ],
42 silly audit   'resolve-pkg-maps': [ '1.0.0' ],
42 silly audit   retry: [ '0.13.1' ],
42 silly audit   'retry-request': [ '7.0.2' ],
42 silly audit   reusify: [ '1.1.0' ],
42 silly audit   rgbcolor: [ '1.0.1' ],
42 silly audit   'run-parallel': [ '1.2.0' ],
42 silly audit   'safe-array-concat': [ '1.1.3' ],
42 silly audit   'safe-buffer': [ '5.2.1' ],
42 silly audit   'safe-push-apply': [ '1.0.0' ],
42 silly audit   'safe-regex-test': [ '1.1.0' ],
42 silly audit   scheduler: [ '0.23.2' ],
42 silly audit   'set-function-length': [ '1.2.2' ],
42 silly audit   'set-function-name': [ '2.0.2' ],
42 silly audit   'set-proto': [ '1.0.0' ],
42 silly audit   'shebang-command': [ '2.0.0' ],
42 silly audit   'shebang-regex': [ '3.0.0' ],
42 silly audit   'side-channel': [ '1.1.0' ],
42 silly audit   'side-channel-list': [ '1.0.0' ],
42 silly audit   'side-channel-map': [ '1.0.1' ],
42 silly audit   'side-channel-weakmap': [ '1.0.2' ],
42 silly audit   'signal-exit': [ '4.1.0' ],
42 silly audit   'source-map-js': [ '1.2.1' ],
42 silly audit   'stable-hash': [ '0.0.5' ],
42 silly audit   'stackblur-canvas': [ '2.7.0' ],
42 silly audit   'stop-iteration-iterator': [ '1.1.0' ],
42 silly audit   'stream-events': [ '1.0.5' ],
42 silly audit   'stream-shift': [ '1.0.3' ],
42 silly audit   streamsearch: [ '1.1.0' ],
42 silly audit   string_decoder: [ '1.3.0' ],
42 silly audit   'string.prototype.includes': [ '2.0.1' ],
42 silly audit   'string.prototype.matchall': [ '4.0.12' ],
42 silly audit   'string.prototype.repeat': [ '1.0.0' ],
42 silly audit   'string.prototype.trim': [ '1.2.10' ],
42 silly audit   'string.prototype.trimend': [ '1.0.9' ],
42 silly audit   'string.prototype.trimstart': [ '1.0.8' ],
42 silly audit   'strip-bom': [ '3.0.0' ],
42 silly audit   'strip-json-comments': [ '3.1.1' ],
42 silly audit   stripe: [ '20.3.1' ],
42 silly audit   strnum: [ '1.1.2' ],
42 silly audit   stubs: [ '3.0.0' ],
42 silly audit   'styled-jsx': [ '5.1.1' ],
42 silly audit   sucrase: [ '3.35.1' ],
42 silly audit   'supports-color': [ '7.2.0' ],
42 silly audit   'supports-preserve-symlinks-flag': [ '1.0.0' ],
42 silly audit   'svg-pathdata': [ '6.0.3' ],
42 silly audit   'tailwind-merge': [ '3.0.1' ],
42 silly audit   tailwindcss: [ '3.4.14' ],
42 silly audit   'tailwindcss-animate': [ '1.0.7' ],
42 silly audit   'postcss-load-config': [ '4.0.2' ],
42 silly audit   'teeny-request': [ '9.0.0' ],
42 silly audit   'text-segmentation': [ '1.0.3' ],
42 silly audit   'text-table': [ '0.2.0' ],
42 silly audit   thenify: [ '3.3.1' ],
42 silly audit   'thenify-all': [ '1.6.0' ],
42 silly audit   'tiny-invariant': [ '1.3.3' ],
42 silly audit   tinyglobby: [ '0.2.15' ],
42 silly audit   fdir: [ '6.5.0' ],
42 silly audit   tmp: [ '0.0.33' ],
42 silly audit   'to-regex-range': [ '5.0.1' ],
42 silly audit   tr46: [ '0.0.3' ],
42 silly audit   'ts-api-utils': [ '1.4.3' ],
42 silly audit   'ts-interface-checker': [ '0.1.13' ],
42 silly audit   'ts-node': [ '10.9.2' ],
42 silly audit   'tsconfig-paths': [ '3.15.0' ],
42 silly audit   tslib: [ '2.8.1' ],
42 silly audit   'type-check': [ '0.4.0' ],
42 silly audit   'type-fest': [ '0.20.2' ],
42 silly audit   'typed-array-buffer': [ '1.0.3' ],
42 silly audit   'typed-array-byte-length': [ '1.0.3' ],
42 silly audit   'typed-array-byte-offset': [ '1.0.4' ],
42 silly audit   'typed-array-length': [ '1.0.7' ],
42 silly audit   typescript: [ '5.4.5' ],
42 silly audit   'unbox-primitive': [ '1.1.0' ],
42 silly audit   undici: [ '5.28.4' ],
42 silly audit   universalify: [ '2.0.1' ],
42 silly audit   'unrs-resolver': [ '1.11.1' ],
42 silly audit   'uri-js': [ '4.4.1' ],
42 silly audit   'use-callback-ref': [ '1.3.3' ],
42 silly audit   'use-sidecar': [ '1.1.3' ],
42 silly audit   'util-deprecate': [ '1.0.2' ],
42 silly audit   utrie: [ '1.0.2' ],
42 silly audit   'v8-compile-cache-lib': [ '3.0.1' ],
42 silly audit   'victory-vendor': [ '36.9.2' ],
42 silly audit   'webidl-conversions': [ '3.0.1' ],
42 silly audit   'websocket-driver': [ '0.7.4' ],
42 silly audit   'websocket-extensions': [ '0.1.4' ],
42 silly audit   'whatwg-url': [ '5.0.0' ],
42 silly audit   which: [ '2.0.2' ],
42 silly audit   'which-boxed-primitive': [ '1.1.1' ],
42 silly audit   'which-builtin-type': [ '1.2.1' ],
42 silly audit   'which-collection': [ '1.0.2' ],
42 silly audit   'which-typed-array': [ '1.1.19' ],
42 silly audit   'word-wrap': [ '1.2.5' ],
42 silly audit   wrappy: [ '1.0.2' ],
42 silly audit   ws: [ '8.18.3' ],
42 silly audit   y18n: [ '5.0.8' ],
42 silly audit   yallist: [ '4.0.0' ],
42 silly audit   yaml: [ '2.8.2' ],
42 silly audit   yargs: [ '17.7.2' ],
42 silly audit   'yargs-parser': [ '21.1.1' ],
42 silly audit   yn: [ '3.1.1' ],
42 silly audit   'yocto-queue': [ '0.1.0' ],
42 silly audit   zod: [ '3.24.2' ],
42 silly audit   googleapis: [ '140.0.1' ],
42 silly audit   'googleapis-common': [ '7.2.0' ],
42 silly audit   qs: [ '6.15.1' ],
42 silly audit   'url-template': [ '2.0.8' ]
42 silly audit }
43 http cache url-template@https://registry.npmjs.org/url-template/-/url-template-2.0.8.tgz 0ms (cache hit)
44 http cache googleapis-common@https://registry.npmjs.org/googleapis-common/-/googleapis-common-7.2.0.tgz 0ms (cache hit)
45 http cache qs@https://registry.npmjs.org/qs/-/qs-6.15.1.tgz 0ms (cache hit)
46 http cache uuid@https://registry.npmjs.org/uuid/-/uuid-9.0.1.tgz 0ms (cache hit)
47 silly tarball no local data for url-template@https://registry.npmjs.org/url-template/-/url-template-2.0.8.tgz. Extracting by manifest.
48 http cache googleapis@https://registry.npmjs.org/googleapis/-/googleapis-140.0.1.tgz 0ms (cache hit)
49 silly tarball no local data for googleapis-common@https://registry.npmjs.org/googleapis-common/-/googleapis-common-7.2.0.tgz. Extracting by manifest.
50 silly tarball no local data for qs@https://registry.npmjs.org/qs/-/qs-6.15.1.tgz. Extracting by manifest.
51 silly tarball no local data for uuid@https://registry.npmjs.org/uuid/-/uuid-9.0.1.tgz. Extracting by manifest.
52 silly tarball no local data for googleapis@https://registry.npmjs.org/googleapis/-/googleapis-140.0.1.tgz. Extracting by manifest.
53 http fetch GET 200 https://registry.npmjs.org/url-template/-/url-template-2.0.8.tgz 111ms (cache miss)
54 http fetch POST 200 https://registry.npmjs.org/-/npm/v1/security/advisories/bulk 236ms
55 silly audit report {
55 silly audit report   uuid: [
55 silly audit report     {
55 silly audit report       id: 1116970,
55 silly audit report       url: 'https://github.com/advisories/GHSA-w5hq-g745-h8pq',
55 silly audit report       title: 'uuid: Missing buffer bounds check in v3/v5/v6 when buf is provided',
55 silly audit report       severity: 'moderate',
55 silly audit report       vulnerable_versions: '<14.0.0',
55 silly audit report       cwe: [Array],
55 silly audit report       cvss: [Object]
55 silly audit report     }
55 silly audit report   ],
55 silly audit report   '@supabase/auth-js': [
55 silly audit report     {
55 silly audit report       id: 1117166,
55 silly audit report       url: 'https://github.com/advisories/GHSA-8r88-6cj9-9fh5',
55 silly audit report       title: 'auth-js Vulnerable to Insecure Path Routing from Malformed User Input',
55 silly audit report       severity: 'low',
55 silly audit report       vulnerable_versions: '<=2.69.1',
55 silly audit report       cwe: [Array],
55 silly audit report       cvss: [Object]
55 silly audit report     }
55 silly audit report   ],
55 silly audit report   '@tootallnate/once': [
55 silly audit report     {
55 silly audit report       id: 1113977,
55 silly audit report       url: 'https://github.com/advisories/GHSA-vpq2-c234-7xj6',
55 silly audit report       title: '@tootallnate/once vulnerable to Incorrect Control Flow Scoping',
55 silly audit report       severity: 'low',
55 silly audit report       vulnerable_versions: '<3.0.1',
55 silly audit report       cwe: [Array],
55 silly audit report       cvss: [Object]
55 silly audit report     }
55 silly audit report   ],
55 silly audit report   'brace-expansion': [
55 silly audit report     {
55 silly audit report       id: 1115540,
55 silly audit report       url: 'https://github.com/advisories/GHSA-f886-m6hf-6m8v',
55 silly audit report       title: 'brace-expansion: Zero-step sequence causes process hang and memory exhaustion',
55 silly audit report       severity: 'moderate',
55 silly audit report       vulnerable_versions: '<1.1.13',
55 silly audit report       cwe: [Array],
55 silly audit report       cvss: [Object]
55 silly audit report     },
55 silly audit report     {
55 silly audit report       id: 1115541,
55 silly audit report       url: 'https://github.com/advisories/GHSA-f886-m6hf-6m8v',
55 silly audit report       title: 'brace-expansion: Zero-step sequence causes process hang and memory exhaustion',
55 silly audit report       severity: 'moderate',
55 silly audit report       vulnerable_versions: '>=2.0.0 <2.0.3',
55 silly audit report       cwe: [Array],
55 silly audit report       cvss: [Object]
55 silly audit report     }
55 silly audit report   ],
55 silly audit report   minimatch: [
55 silly audit report     {
55 silly audit report       id: 1113459,
55 silly audit report       url: 'https://github.com/advisories/GHSA-3ppc-4f35-3m26',
55 silly audit report       title: 'minimatch has a ReDoS via repeated wildcards with non-matching literal in pattern',
55 silly audit report       severity: 'high',
55 silly audit report       vulnerable_versions: '<3.1.3',
55 silly audit report       cwe: [Array],
55 silly audit report       cvss: [Object]
55 silly audit report     },
55 silly audit report     {
55 silly audit report       id: 1113465,
55 silly audit report       url: 'https://github.com/advisories/GHSA-3ppc-4f35-3m26',
55 silly audit report       title: 'minimatch has a ReDoS via repeated wildcards with non-matching literal in pattern',
55 silly audit report       severity: 'high',
55 silly audit report       vulnerable_versions: '>=9.0.0 <9.0.6',
55 silly audit report       cwe: [Array],
55 silly audit report       cvss: [Object]
55 silly audit report     },
55 silly audit report     {
55 silly audit report       id: 1113538,
55 silly audit report       url: 'https://github.com/advisories/GHSA-7r86-cg39-jmmj',
55 silly audit report       title: 'minimatch has ReDoS: matchOne() combinatorial backtracking via multiple non-adjacent GLOBSTAR segments',
55 silly audit report       severity: 'high',
55 silly audit report       vulnerable_versions: '<3.1.3',
55 silly audit report       cwe: [Array],
55 silly audit report       cvss: [Object]
55 silly audit report     },
55 silly audit report     {
55 silly audit report       id: 1113544,
55 silly audit report       url: 'https://github.com/advisories/GHSA-7r86-cg39-jmmj',
55 silly audit report       title: 'minimatch has ReDoS: matchOne() combinatorial backtracking via multiple non-adjacent GLOBSTAR segments',
55 silly audit report       severity: 'high',
55 silly audit report       vulnerable_versions: '>=9.0.0 <9.0.7',
55 silly audit report       cwe: [Array],
55 silly audit report       cvss: [Object]
55 silly audit report     },
55 silly audit report     {
55 silly audit report       id: 1113546,
55 silly audit report       url: 'https://github.com/advisories/GHSA-23c5-xmqv-rm74',
55 silly audit report       title: 'minimatch ReDoS: nested *() extglobs generate catastrophically backtracking regular expressions',
55 silly audit report       severity: 'high',
55 silly audit report       vulnerable_versions: '<3.1.4',
55 silly audit report       cwe: [Array],
55 silly audit report       cvss: [Object]
55 silly audit report     },
55 silly audit report     {
55 silly audit report       id: 1113552,
55 silly audit report       url: 'https://github.com/advisories/GHSA-23c5-xmqv-rm74',
55 silly audit report       title: 'minimatch ReDoS: nested *() extglobs generate catastrophically backtracking regular expressions',
55 silly audit report       severity: 'high',
55 silly audit report       vulnerable_versions: '>=9.0.0 <9.0.7',
55 silly audit report       cwe: [Array],
55 silly audit report       cvss: [Object]
55 silly audit report     }
55 silly audit report   ],
55 silly audit report   ajv: [
55 silly audit report     {
55 silly audit report       id: 1113714,
55 silly audit report       url: 'https://github.com/advisories/GHSA-2g4f-4pwh-qvx6',
55 silly audit report       title: 'ajv has ReDoS when using `$data` option',
55 silly audit report       severity: 'moderate',
55 silly audit report       vulnerable_versions: '<6.14.0',
55 silly audit report       cwe: [Array],
55 silly audit report       cvss: [Object]
55 silly audit report     }
55 silly audit report   ],
55 silly audit report   axios: [
55 silly audit report     {
55 silly audit report       id: 1113275,
55 silly audit report       url: 'https://github.com/advisories/GHSA-43fc-jf86-j433',
55 silly audit report       title: 'Axios is Vulnerable to Denial of Service via __proto__ Key in mergeConfig',
55 silly audit report       severity: 'high',
55 silly audit report       vulnerable_versions: '>=1.0.0 <=1.13.4',
55 silly audit report       cwe: [Array],
55 silly audit report       cvss: [Object]
55 silly audit report     },
55 silly audit report     {
55 silly audit report       id: 1116673,
55 silly audit report       url: 'https://github.com/advisories/GHSA-3p68-rc4w-qgx5',
55 silly audit report       title: 'Axios has a NO_PROXY Hostname Normalization Bypass that Leads to SSRF',
55 silly audit report       severity: 'moderate',
55 silly audit report       vulnerable_versions: '>=1.0.0 <1.15.0',
55 silly audit report       cwe: [Array],
55 silly audit report       cvss: [Object]
55 silly audit report     },
55 silly audit report     {
55 silly audit report       id: 1116675,
55 silly audit report       url: 'https://github.com/advisories/GHSA-fvcv-3m26-pcqx',
55 silly audit report       title: 'Axios has Unrestricted Cloud Metadata Exfiltration via Header Injection Chain',
55 silly audit report       severity: 'moderate',
55 silly audit report       vulnerable_versions: '>=1.0.0 <1.15.0',
55 silly audit report       cwe: [Array],
55 silly audit report       cvss: [Object]
55 silly audit report     },
55 silly audit report     {
55 silly audit report       id: 1117574,
55 silly audit report       url: 'https://github.com/advisories/GHSA-w9j2-pvgh-6h63',
55 silly audit report       title: 'Axios: Authentication Bypass via Prototype Pollution Gadget in `validateStatus` Merge Strategy',
55 silly audit report       severity: 'moderate',
55 silly audit report       vulnerable_versions: '>=1.0.0 <1.15.1',
55 silly audit report       cwe: [Array],
55 silly audit report       cvss: [Object]
55 silly audit report     },
55 silly audit report     {
55 silly audit report       id: 1117576,
55 silly audit report       url: 'https://github.com/advisories/GHSA-pmwg-cvhr-8vh7',
55 silly audit report       title: 'Axios: Incomplete Fix for CVE-2025-62718 — NO_PROXY Protection Bypassed via RFC 1122 Loopback Subnet (127.0.0.0/8) in Axios 1.15.0',
55 silly audit report       severity: 'high',
55 silly audit report       vulnerable_versions: '>=1.0.0 <1.15.1',
55 silly audit report       cwe: [Array],
55 silly audit report       cvss: [Object]
55 silly audit report     },
55 silly audit report     {
55 silly audit report       id: 1117577,
55 silly audit report       url: 'https://github.com/advisories/GHSA-3w6x-2g7m-8v23',
55 silly audit report       title: 'Axios: Invisible JSON Response Tampering via Prototype Pollution Gadget in `parseReviver`',
55 silly audit report       severity: 'moderate',
55 silly audit report       vulnerable_versions: '>=1.0.0 <1.15.2',
55 silly audit report       cwe: [Array],
55 silly audit report       cvss: [Object]
55 silly audit report     },
55 silly audit report     {
55 silly audit report       id: 1117578,
55 silly audit report       url: 'https://github.com/advisories/GHSA-q8qp-cvcw-x6jj',
55 silly audit report       title: 'Axios has prototype pollution read-side gadgets in HTTP adapter that allow credential injection and request hijacking',
55 silly audit report       severity: 'high',
55 silly audit report       vulnerable_versions: '>=1.0.0 <1.15.2',
55 silly audit report       cwe: [Array],
55 silly audit report       cvss: [Object]
55 silly audit report     },
55 silly audit report     {
55 silly audit report       id: 1117580,
55 silly audit report       url: 'https://github.com/advisories/GHSA-xhjh-pmcv-23jw',
55 silly audit report       title: 'Axios: Null Byte Injection via Reverse-Encoding in AxiosURLSearchParams',
55 silly audit report       severity: 'low',
55 silly audit report       vulnerable_versions: '>=1.0.0 <1.15.1',
55 silly audit report       cwe: [Array],
55 silly audit report       cvss: [Object]
55 silly audit report     },
55 silly audit report     {
55 silly audit report       id: 1117581,
55 silly audit report       url: 'https://github.com/advisories/GHSA-445q-vr5w-6q77',
55 silly audit report       title: 'Axios: CRLF Injection in multipart/form-data body via unsanitized blob.type in formDataToStream',
55 silly audit report       severity: 'moderate',
55 silly audit report       vulnerable_versions: '>=1.0.0 <1.15.1',
55 silly audit report       cwe: [Array],
55 silly audit report       cvss: [Object]
55 silly audit report     },
55 silly audit report     {
55 silly audit report       id: 1117583,
55 silly audit report       url: 'https://github.com/advisories/GHSA-m7pr-hjqh-92cm',
55 silly audit report       title: 'Axios: no_proxy bypass via IP alias allows SSRF',
55 silly audit report       severity: 'moderate',
55 silly audit report       vulnerable_versions: '>=1.0.0 <1.15.1',
55 silly audit report       cwe: [Array],
55 silly audit report       cvss: [Object]
55 silly audit report     },
55 silly audit report     {
55 silly audit report       id: 1117585,
55 silly audit report       url: 'https://github.com/advisories/GHSA-62hf-57xw-28j9',
55 silly audit report       title: 'Axios: unbounded recursion in toFormData causes DoS via deeply nested request data',
55 silly audit report       severity: 'moderate',
55 silly audit report       vulnerable_versions: '>=1.0.0 <1.15.1',
55 silly audit report       cwe: [Array],
55 silly audit report       cvss: [Object]
55 silly audit report     },
55 silly audit report     {
55 silly audit report       id: 1117587,
55 silly audit report       url: 'https://github.com/advisories/GHSA-5c9x-8gcm-mpgx',
55 silly audit report       title: "Axios' HTTP adapter-streamed uploads bypass maxBodyLength when maxRedirects: 0",
55 silly audit report       severity: 'moderate',
55 silly audit report       vulnerable_versions: '>=1.0.0 <1.15.1',
55 silly audit report       cwe: [Array],
55 silly audit report       cvss: [Object]
55 silly audit report     },
55 silly audit report     {
55 silly audit report       id: 1117589,
55 silly audit report       url: 'https://github.com/advisories/GHSA-vf2m-468p-8v99',
55 silly audit report       title: 'Axios: HTTP adapter streamed responses bypass maxContentLength',
55 silly audit report       severity: 'moderate',
55 silly audit report       vulnerable_versions: '>=1.0.0 <1.15.1',
55 silly audit report       cwe: [Array],
55 silly audit report       cvss: [Object]
55 silly audit report     },
55 silly audit report     {
55 silly audit report       id: 1117591,
55 silly audit report       url: 'https://github.com/advisories/GHSA-pf86-5x62-jrwf',
55 silly audit report       title: 'Axios: Prototype Pollution Gadgets - Response Tampering, Data Exfiltration, and Request Hijacking',
55 silly audit report       severity: 'high',
55 silly audit report       vulnerable_versions: '>=1.0.0 <1.15.1',
55 silly audit report       cwe: [Array],
55 silly audit report       cvss: [Object]
55 silly audit report     },
55 silly audit report     {
55 silly audit report       id: 1117593,
55 silly audit report       url: 'https://github.com/advisories/GHSA-6chq-wfr3-2hj9',
55 silly audit report       title: 'Axios: Header Injection via Prototype Pollution',
55 silly audit report       severity: 'high',
55 silly audit report       vulnerable_versions: '>=1.0.0 <1.15.1',
55 silly audit report       cwe: [Array],
55 silly audit report       cvss: [Object]
55 silly audit report     },
55 silly audit report     {
55 silly audit report       id: 1117595,
55 silly audit report       url: 'https://github.com/advisories/GHSA-xx6v-rp6x-q39c',
55 silly audit report       title: 'Axios: XSRF Token Cross-Origin Leakage via Prototype Pollution Gadget in `withXSRFToken` Boolean Coercion',
55 silly audit report       severity: 'moderate',
55 silly audit report       vulnerable_versions: '>=1.0.0 <1.15.1',
55 silly audit report       cwe: [Array],
55 silly audit report       cvss: [Object]
55 silly audit report     }
55 silly audit report   ],
55 silly audit report   dompurify: [
55 silly audit report     {
55 silly audit report       id: 1115529,
55 silly audit report       url: 'https://github.com/advisories/GHSA-h8r8-wccr-v5f2',
55 silly audit report       title: 'DOMPurify is vulnerable to mutation-XSS via Re-Contextualization ',
55 silly audit report       severity: 'moderate',
55 silly audit report       vulnerable_versions: '<3.3.2',
55 silly audit report       cwe: [Array],
55 silly audit report       cvss: [Object]
55 silly audit report     },
55 silly audit report     {
55 silly audit report       id: 1115668,
55 silly audit report       url: 'https://github.com/advisories/GHSA-v2wj-7wpq-c8vv',
55 silly audit report       title: 'DOMPurify contains a Cross-site Scripting vulnerability',
55 silly audit report       severity: 'moderate',
55 silly audit report       vulnerable_versions: '>=3.1.3 <=3.3.1',
55 silly audit report       cwe: [Array],
55 silly audit report       cvss: [Object]
55 silly audit report     },
55 silly audit report     {
55 silly audit report       id: 1115921,
55 silly audit report       url: 'https://github.com/advisories/GHSA-cjmm-f4jc-qw8r',
55 silly audit report       title: 'DOMPurify ADD_ATTR predicate skips URI validation',
55 silly audit report       severity: 'moderate',
55 silly audit report       vulnerable_versions: '<=3.3.1',
55 silly audit report       cwe: [Array],
55 silly audit report       cvss: [Object]
55 silly audit report     },
55 silly audit report     {
55 silly audit report       id: 1115922,
55 silly audit report       url: 'https://github.com/advisories/GHSA-cj63-jhhr-wcxv',
55 silly audit report       title: 'DOMPurify USE_PROFILES prototype pollution allows event handlers',
55 silly audit report       severity: 'moderate',
55 silly audit report       vulnerable_versions: '<=3.3.1',
55 silly audit report       cwe: [Array],
55 silly audit report       cvss: [Object]
55 silly audit report     },
55 silly audit report     {
55 silly audit report       id: 1116663,
55 silly audit report       url: 'https://github.com/advisories/GHSA-39q2-94rc-95cp',
55 silly audit report       title: "DOMPurify's ADD_TAGS function form bypasses FORBID_TAGS due to short-circuit evaluation",
55 silly audit report       severity: 'moderate',
55 silly audit report       vulnerable_versions: '<=3.3.3',
55 silly audit report       cwe: [Array],
55 silly audit report       cvss: [Object]
55 silly audit report     },
55 silly audit report     {
55 silly audit report       id: 1117138,
55 silly audit report       url: 'https://github.com/advisories/GHSA-h7mw-gpvr-xq4m',
55 silly audit report       title: 'DOMPurify: FORBID_TAGS bypassed by function-based ADD_TAGS predicate (asymmetry with FORBID_ATTR fix)',
55 silly audit report       severity: 'moderate',
55 silly audit report       vulnerable_versions: '<3.4.0',
55 silly audit report       cwe: [Array],
55 silly audit report       cvss: [Object]
55 silly audit report     },
55 silly audit report     {
55 silly audit report       id: 1117139,
55 silly audit report       url: 'https://github.com/advisories/GHSA-crv5-9vww-q3g8',
55 silly audit report       title: 'DOMPurify has a SAFE_FOR_TEMPLATES bypass in RETURN_DOM mode',
55 silly audit report       severity: 'moderate',
55 silly audit report       vulnerable_versions: '>=1.0.10 <3.4.0',
55 silly audit report       cwe: [Array],
55 silly audit report       cvss: [Object]
55 silly audit report     },
55 silly audit report     {
55 silly audit report       id: 1117140,
55 silly audit report       url: 'https://github.com/advisories/GHSA-v9jr-rg53-9pgp',
55 silly audit report       title: 'DOMPurify: Prototype Pollution to XSS Bypass via CUSTOM_ELEMENT_HANDLING Fallback',
55 silly audit report       severity: 'moderate',
55 silly audit report       vulnerable_versions: '>=3.0.1 <3.4.0',
55 silly audit report       cwe: [Array],
55 silly audit report       cvss: [Object]
55 silly audit report     }
55 silly audit report   ],
55 silly audit report   'fast-xml-parser': [
55 silly audit report     {
55 silly audit report       id: 1113567,
55 silly audit report       url: 'https://github.com/advisories/GHSA-m7jm-9gc2-mpf2',
55 silly audit report       title: 'fast-xml-parser has an entity encoding bypass via regex injection in DOCTYPE entity names',
55 silly audit report       severity: 'critical',
55 silly audit report       vulnerable_versions: '>=4.1.3 <4.5.4',
55 silly audit report       cwe: [Array],
55 silly audit report       cvss: [Object]
55 silly audit report     },
55 silly audit report     {
55 silly audit report       id: 1113570,
55 silly audit report       url: 'https://github.com/advisories/GHSA-jmr7-xgp7-cmfj',
55 silly audit report       title: 'fast-xml-parser affected by DoS through entity expansion in DOCTYPE (no expansion limit)',
55 silly audit report       severity: 'high',
55 silly audit report       vulnerable_versions: '>=4.1.3 <4.5.4',
55 silly audit report       cwe: [Array],
55 silly audit report       cvss: [Object]
55 silly audit report     },
55 silly audit report     {
55 silly audit report       id: 1114149,
55 silly audit report       url: 'https://github.com/advisories/GHSA-fj3w-jwp8-x2g3',
55 silly audit report       title: 'fast-xml-parser has stack overflow in XMLBuilder with preserveOrder',
55 silly audit report       severity: 'low',
55 silly audit report       vulnerable_versions: '>=4.0.0-beta.0 <4.5.4',
55 silly audit report       cwe: [Array],
55 silly audit report       cvss: [Object]
55 silly audit report     },
55 silly audit report     {
55 silly audit report       id: 1115338,
55 silly audit report       url: 'https://github.com/advisories/GHSA-8gc5-j5rx-235r',
55 silly audit report       title: 'fast-xml-parser affected by numeric entity expansion bypassing all entity expansion limits (incomplete fix for CVE-2026-26278)',
55 silly audit report       severity: 'high',
55 silly audit report       vulnerable_versions: '>=4.0.0-beta.3 <4.5.5',
55 silly audit report       cwe: [Array],
55 silly audit report       cvss: [Object]
55 silly audit report     },
55 silly audit report     {
55 silly audit report       id: 1116308,
55 silly audit report       url: 'https://github.com/advisories/GHSA-jp2q-39xq-3w4g',
55 silly audit report       title: 'Entity Expansion Limits Bypassed When Set to Zero Due to JavaScript Falsy Evaluation in fast-xml-parser',
55 silly audit report       severity: 'moderate',
55 silly audit report       vulnerable_versions: '>=4.0.0-beta.3 <4.5.5',
55 silly audit report       cwe: [Array],
55 silly audit report       cvss: [Object]
55 silly audit report     },
55 silly audit report     {
55 silly audit report       id: 1116957,
55 silly audit report       url: 'https://github.com/advisories/GHSA-gh4j-gqv2-49f6',
55 silly audit report       title: 'fast-xml-parser XMLBuilder: XML Comment and CDATA Injection via Unescaped Delimiters',
55 silly audit report       severity: 'moderate',
55 silly audit report       vulnerable_versions: '<5.7.0',
55 silly audit report       cwe: [Array],
55 silly audit report       cvss: [Object]
55 silly audit report     }
55 silly audit report   ],
55 silly audit report   flatted: [
55 silly audit report     {
55 silly audit report       id: 1114526,
55 silly audit report       url: 'https://github.com/advisories/GHSA-25h7-pfq9-p65f',
55 silly audit report       title: 'flatted vulnerable to unbounded recursion DoS in parse() revive phase',
55 silly audit report       severity: 'high',
55 silly audit report       vulnerable_versions: '<3.4.0',
55 silly audit report       cwe: [Array],
55 silly audit report       cvss: [Object]
55 silly audit report     },
55 silly audit report     {
55 silly audit report       id: 1115357,
55 silly audit report       url: 'https://github.com/advisories/GHSA-rf6f-7fwh-wjgh',
55 silly audit report       title: 'Prototype Pollution via parse() in NodeJS flatted',
55 silly audit report       severity: 'high',
55 silly audit report       vulnerable_versions: '<=3.4.1',
55 silly audit report       cwe: [Array],
55 silly audit report       cvss: [Object]
55 silly audit report     }
55 silly audit report   ],
55 silly audit report   'follow-redirects': [
55 silly audit report     {
55 silly audit report       id: 1116560,
55 silly audit report       url: 'https://github.com/advisories/GHSA-r4q5-vmmm-2653',
55 silly audit report       title: 'follow-redirects leaks Custom Authentication Headers to Cross-Domain Redirect Targets',
55 silly audit report       severity: 'moderate',
55 silly audit report       vulnerable_versions: '<=1.15.11',
55 silly audit report       cwe: [Array],
55 silly audit report       cvss: [Object]
55 silly audit report     }
55 silly audit report   ],
55 silly audit report   glob: [
55 silly audit report     {
55 silly audit report       id: 1109842,
55 silly audit report       url: 'https://github.com/advisories/GHSA-5j98-mcp5-4vw2',
55 silly audit report       title: 'glob CLI: Command injection via -c/--cmd executes matches with shell:true',
55 silly audit report       severity: 'high',
55 silly audit report       vulnerable_versions: '>=10.2.0 <10.5.0',
55 silly audit report       cwe: [Array],
55 silly audit report       cvss: [Object]
55 silly audit report     }
55 silly audit report   ],
55 silly audit report   jspdf: [
55 silly audit report     {
55 silly audit report       id: 1112801,
55 silly audit report       url: 'https://github.com/advisories/GHSA-pqxr-3g65-p328',
55 silly audit report       title: 'jsPDF has PDF Injection in AcroFormChoiceField that allows Arbitrary JavaScript Execution',
55 silly audit report       severity: 'high',
55 silly audit report       vulnerable_versions: '<=4.0.0',
55 silly audit report       cwe: [Array],
55 silly audit report       cvss: [Object]
55 silly audit report     },
55 silly audit report     {
55 silly audit report       id: 1112802,
55 silly audit report       url: 'https://github.com/advisories/GHSA-95fx-jjr5-f39c',
55 silly audit report       title: 'jsPDF Vulnerable to Denial of Service (DoS) via Unvalidated BMP Dimensions in BMPDecoder',
55 silly audit report       severity: 'high',
55 silly audit report       vulnerable_versions: '<=4.0.0',
55 silly audit report       cwe: [Array],
55 silly audit report       cvss: [Object]
55 silly audit report     },
55 silly audit report     {
55 silly audit report       id: 1112803,
55 silly audit report       url: 'https://github.com/advisories/GHSA-vm32-vv63-w422',
55 silly audit report       title: 'jsPDF Vulnerable to Stored XMP Metadata Injection (Spoofing & Integrity Violation)',
55 silly audit report       severity: 'moderate',
55 silly audit report       vulnerable_versions: '<=4.0.0',
55 silly audit report       cwe: [Array],
55 silly audit report       cvss: [Object]
55 silly audit report     },
55 silly audit report     {
55 silly audit report       id: 1112804,
55 silly audit report       url: 'https://github.com/advisories/GHSA-cjw8-79x6-5cj4',
55 silly audit report       title: 'jsPDF has Shared State Race Condition in addJS Plugin',
55 silly audit report       severity: 'moderate',
55 silly audit report       vulnerable_versions: '<=4.0.0',
55 silly audit report       cwe: [Array],
55 silly audit report       cvss: [Object]
55 silly audit report     },
55 silly audit report     {
55 silly audit report       id: 1113310,
55 silly audit report       url: 'https://github.com/advisories/GHSA-9vjf-qc39-jprp',
55 silly audit report       title: 'jsPDF has a PDF Object Injection via Unsanitized Input in addJS Method',
55 silly audit report       severity: 'high',
55 silly audit report       vulnerable_versions: '<4.2.0',
55 silly audit report       cwe: [Array],
55 silly audit report       cvss: [Object]
55 silly audit report     },
55 silly audit report     {
55 silly audit report       id: 1113324,
55 silly audit report       url: 'https://github.com/advisories/GHSA-67pg-wm7f-q7fj',
55 silly audit report       title: 'jsPDF Affected by Client-Side/Server-Side Denial of Service via Malicious GIF Dimensions',
55 silly audit report       severity: 'high',
55 silly audit report       vulnerable_versions: '<4.2.0',
55 silly audit report       cwe: [Array],
55 silly audit report       cvss: [Object]
55 silly audit report     },
55 silly audit report     {
55 silly audit report       id: 1114396,
55 silly audit report       url: 'https://github.com/advisories/GHSA-p5xg-68wr-hm3m',
55 silly audit report       title: 'jsPDF has a PDF Injection in AcroForm module allows Arbitrary JavaScript Execution (RadioButton.createOption and "AS" property)',
55 silly audit report       severity: 'high',
55 silly audit report       vulnerable_versions: '<4.2.0',
55 silly audit report       cwe: [Array],
55 silly audit report       cvss: [Object]
55 silly audit report     },
55 silly audit report     {
55 silly audit report       id: 1114950,
55 silly audit report       url: 'https://github.com/advisories/GHSA-7x6v-j9x4-qf24',
55 silly audit report       title: 'jsPDF has a PDF Object Injection via FreeText color',
55 silly audit report       severity: 'high',
55 silly audit report       vulnerable_versions: '<=4.2.0',
55 silly audit report       cwe: [Array],
55 silly audit report       cvss: [Object]
55 silly audit report     },
55 silly audit report     {
55 silly audit report       id: 1114974,
55 silly audit report       url: 'https://github.com/advisories/GHSA-wfv2-pwc8-crg5',
55 silly audit report       title: 'jsPDF has HTML Injection in New Window paths',
55 silly audit report       severity: 'critical',
55 silly audit report       vulnerable_versions: '<=4.2.0',
55 silly audit report       cwe: [Array],
55 silly audit report       cvss: [Object]
55 silly audit report     }
55 silly audit report   ],
55 silly audit report   lodash: [
55 silly audit report     {
55 silly audit report       id: 1112455,
55 silly audit report       url: 'https://github.com/advisories/GHSA-xxjr-mmjv-4gpg',
55 silly audit report       title: 'Lodash has Prototype Pollution Vulnerability in `_.unset` and `_.omit` functions',
55 silly audit report       severity: 'moderate',
55 silly audit report       vulnerable_versions: '>=4.0.0 <=4.17.22',
55 silly audit report       cwe: [Array],
55 silly audit report       cvss: [Object]
55 silly audit report     },
55 silly audit report     {
55 silly audit report       id: 1115806,
55 silly audit report       url: 'https://github.com/advisories/GHSA-r5fr-rjxr-66jc',
55 silly audit report       title: 'lodash vulnerable to Code Injection via `_.template` imports key names',
55 silly audit report       severity: 'high',
55 silly audit report       vulnerable_versions: '>=4.0.0 <=4.17.23',
55 silly audit report       cwe: [Array],
55 silly audit report       cvss: [Object]
55 silly audit report     },
55 silly audit report     {
55 silly audit report       id: 1115810,
55 silly audit report       url: 'https://github.com/advisories/GHSA-f23m-r3pf-42rh',
55 silly audit report       title: 'lodash vulnerable to Prototype Pollution via array path bypass in `_.unset` and `_.omit`',
55 silly audit report       severity: 'moderate',
55 silly audit report       vulnerable_versions: '<=4.17.23',
55 silly audit report       cwe: [Array],
55 silly audit report       cvss: [Object]
55 silly audit report     }
55 silly audit report   ],
55 silly audit report   next: [
55 silly audit report     {
55 silly audit report       id: 1112593,
55 silly audit report       url: 'https://github.com/advisories/GHSA-9g9p-9gw9-jx7f',
55 silly audit report       title: 'Next.js self-hosted applications vulnerable to DoS via Image Optimizer remotePatterns configuration',
55 silly audit report       severity: 'moderate',
55 silly audit report       vulnerable_versions: '>=10.0.0 <15.5.10',
55 silly audit report       cwe: [Array],
55 silly audit report       cvss: [Object]
55 silly audit report     },
55 silly audit report     {
55 silly audit report       id: 1112653,
55 silly audit report       url: 'https://github.com/advisories/GHSA-h25m-26qc-wcjf',
55 silly audit report       title: 'Next.js HTTP request deserialization can lead to DoS when using insecure React Server Components',
55 silly audit report       severity: 'high',
55 silly audit report       vulnerable_versions: '>=13.0.0 <15.0.8',
55 silly audit report       cwe: [Array],
55 silly audit report       cvss: [Object]
55 silly audit report     },
55 silly audit report     {
55 silly audit report       id: 1114897,
55 silly audit report       url: 'https://github.com/advisories/GHSA-ggv3-7p47-pfv8',
55 silly audit report       title: 'Next.js: HTTP request smuggling in rewrites',
55 silly audit report       severity: 'moderate',
55 silly audit report       vulnerable_versions: '>=9.5.0 <15.5.13',
55 silly audit report       cwe: [Array],
55 silly audit report       cvss: [Object]
55 silly audit report     },
55 silly audit report     {
55 silly audit report       id: 1114940,
55 silly audit report       url: 'https://github.com/advisories/GHSA-3x4c-7xq6-9pq8',
55 silly audit report       title: 'Next.js: Unbounded next/image disk cache growth can exhaust storage',
55 silly audit report       severity: 'moderate',
55 silly audit report       vulnerable_versions: '>=10.0.0 <15.5.14',
55 silly audit report       cwe: [Array],
55 silly audit report       cvss: [Object]
55 silly audit report     },
55 silly audit report     {
55 silly audit report       id: 1116376,
55 silly audit report       url: 'https://github.com/advisories/GHSA-q4gf-8mx6-v5v3',
55 silly audit report       title: 'Next.js has a Denial of Service with Server Components',
55 silly audit report       severity: 'high',
55 silly audit report       vulnerable_versions: '>=13.0.0 <15.5.15',
55 silly audit report       cwe: [Array],
55 silly audit report       cvss: [Object]
55 silly audit report     }
55 silly audit report   ],
55 silly audit report   postcss: [
55 silly audit report     {
55 silly audit report       id: 1117015,
55 silly audit report       url: 'https://github.com/advisories/GHSA-qx2v-qp2m-jg93',
55 silly audit report       title: 'PostCSS has XSS via Unescaped </style> in its CSS Stringify Output',
55 silly audit report       severity: 'moderate',
55 silly audit report       vulnerable_versions: '<8.5.10',
55 silly audit report       cwe: [Array],
55 silly audit report       cvss: [Object]
55 silly audit report     }
55 silly audit report   ],
55 silly audit report   'node-forge': [
55 silly audit report     {
55 silly audit report       id: 1115545,
55 silly audit report       url: 'https://github.com/advisories/GHSA-2328-f5f3-gj25',
55 silly audit report       title: 'Forge has a basicConstraints bypass in its certificate chain verification (RFC 5280 violation)',
55 silly audit report       severity: 'high',
55 silly audit report       vulnerable_versions: '<=1.3.3',
55 silly audit report       cwe: [Array],
55 silly audit report       cvss: [Object]
55 silly audit report     },
55 silly audit report     {
55 silly audit report       id: 1115546,
55 silly audit report       url: 'https://github.com/advisories/GHSA-q67f-28xg-22rw',
55 silly audit report       title: 'Forge has signature forgery in Ed25519 due to missing S > L check',
55 silly audit report       severity: 'high',
55 silly audit report       vulnerable_versions: '<1.4.0',
55 silly audit report       cwe: [Array],
55 silly audit report       cvss: [Object]
55 silly audit report     },
55 silly audit report     {
55 silly audit report       id: 1115548,
55 silly audit report       url: 'https://github.com/advisories/GHSA-5m6q-g25r-mvwx',
55 silly audit report       title: 'Forge has Denial of Service via Infinite Loop in BigInteger.modInverse() with Zero Input',
55 silly audit report       severity: 'high',
55 silly audit report       vulnerable_versions: '<1.4.0',
55 silly audit report       cwe: [Array],
55 silly audit report       cvss: [Object]
55 silly audit report     },
55 silly audit report     {
55 silly audit report       id: 1115612,
55 silly audit report       url: 'https://github.com/advisories/GHSA-ppp5-5v6c-4jwp',
55 silly audit report       title: 'Forge has signature forgery in RSA-PKCS due to ASN.1 extra field  ',
55 silly audit report       severity: 'high',
55 silly audit report       vulnerable_versions: '<1.4.0',
55 silly audit report       cwe: [Array],
55 silly audit report       cvss: [Object]
55 silly audit report     }
55 silly audit report   ],
55 silly audit report   picomatch: [
55 silly audit report     {
55 silly audit report       id: 1115549,
55 silly audit report       url: 'https://github.com/advisories/GHSA-3v7f-55p6-f55p',
55 silly audit report       title: 'Picomatch: Method Injection in POSIX Character Classes causes incorrect Glob Matching',
55 silly audit report       severity: 'moderate',
55 silly audit report       vulnerable_versions: '<2.3.2',
55 silly audit report       cwe: [Array],
55 silly audit report       cvss: [Object]
55 silly audit report     },
55 silly audit report     {
55 silly audit report       id: 1115551,
55 silly audit report       url: 'https://github.com/advisories/GHSA-3v7f-55p6-f55p',
55 silly audit report       title: 'Picomatch: Method Injection in POSIX Character Classes causes incorrect Glob Matching',
55 silly audit report       severity: 'moderate',
55 silly audit report       vulnerable_versions: '>=4.0.0 <4.0.4',
55 silly audit report       cwe: [Array],
55 silly audit report       cvss: [Object]
55 silly audit report     },
55 silly audit report     {
55 silly audit report       id: 1115552,
55 silly audit report       url: 'https://github.com/advisories/GHSA-c2c7-rcm5-vvqj',
55 silly audit report       title: 'Picomatch has a ReDoS vulnerability via extglob quantifiers',
55 silly audit report       severity: 'high',
55 silly audit report       vulnerable_versions: '<2.3.2',
55 silly audit report       cwe: [Array],
55 silly audit report       cvss: [Object]
55 silly audit report     },
55 silly audit report     {
55 silly audit report       id: 1115554,
55 silly audit report       url: 'https://github.com/advisories/GHSA-c2c7-rcm5-vvqj',
55 silly audit report       title: 'Picomatch has a ReDoS vulnerability via extglob quantifiers',
55 silly audit report       severity: 'high',
55 silly audit report       vulnerable_versions: '>=4.0.0 <4.0.4',
55 silly audit report       cwe: [Array],
55 silly audit report       cvss: [Object]
55 silly audit report     }
55 silly audit report   ],
55 silly audit report   protobufjs: [
55 silly audit report     {
55 silly audit report       id: 1117571,
55 silly audit report       url: 'https://github.com/advisories/GHSA-xq3m-2v4x-88gg',
55 silly audit report       title: 'Arbitrary code execution in protobufjs',
55 silly audit report       severity: 'critical',
55 silly audit report       vulnerable_versions: '<7.5.5',
55 silly audit report       cwe: [Array],
55 silly audit report       cvss: [Object]
55 silly audit report     }
55 silly audit report   ],
55 silly audit report   tmp: [
55 silly audit report     {
55 silly audit report       id: 1109537,
55 silly audit report       url: 'https://github.com/advisories/GHSA-52f5-9888-hmc6',
55 silly audit report       title: 'tmp allows arbitrary temporary file / directory write via symbolic link `dir` parameter',
55 silly audit report       severity: 'low',
55 silly audit report       vulnerable_versions: '<=0.2.3',
55 silly audit report       cwe: [Array],
55 silly audit report       cvss: [Object]
55 silly audit report     }
55 silly audit report   ],
55 silly audit report   undici: [
55 silly audit report     {
55 silly audit report       id: 1101610,
55 silly audit report       url: 'https://github.com/advisories/GHSA-c76h-2ccp-4975',
55 silly audit report       title: 'Use of Insufficiently Random Values in undici',
55 silly audit report       severity: 'moderate',
55 silly audit report       vulnerable_versions: '>=4.5.0 <5.28.5',
55 silly audit report       cwe: [Array],
55 silly audit report       cvss: [Object]
55 silly audit report     },
55 silly audit report     {
55 silly audit report       id: 1112496,
55 silly audit report       url: 'https://github.com/advisories/GHSA-g9mf-h72j-4rw9',
55 silly audit report       title: 'Undici has an unbounded decompression chain in HTTP responses on Node.js Fetch API via Content-Encoding leads to resource exhaustion',
55 silly audit report       severity: 'moderate',
55 silly audit report       vulnerable_versions: '<6.23.0',
55 silly audit report       cwe: [Array],
55 silly audit report       cvss: [Object]
55 silly audit report     },
55 silly audit report     {
55 silly audit report       id: 1113069,
55 silly audit report       url: 'https://github.com/advisories/GHSA-cxrh-j4jr-qwg3',
55 silly audit report       title: 'undici Denial of Service attack via bad certificate data',
55 silly audit report       severity: 'low',
55 silly audit report       vulnerable_versions: '<5.29.0',
55 silly audit report       cwe: [Array],
55 silly audit report       cvss: [Object]
55 silly audit report     },
55 silly audit report     {
55 silly audit report       id: 1114594,
55 silly audit report       url: 'https://github.com/advisories/GHSA-2mjp-6q6p-2qxm',
55 silly audit report       title: 'Undici has an HTTP Request/Response Smuggling issue',
55 silly audit report       severity: 'moderate',
55 silly audit report       vulnerable_versions: '<6.24.0',
55 silly audit report       cwe: [Array],
55 silly audit report       cvss: [Object]
55 silly audit report     },
55 silly audit report     {
55 silly audit report       id: 1114638,
55 silly audit report       url: 'https://github.com/advisories/GHSA-vrm6-8vpv-qv8q',
55 silly audit report       title: 'Undici has Unbounded Memory Consumption in WebSocket permessage-deflate Decompression',
55 silly audit report       severity: 'high',
55 silly audit report       vulnerable_versions: '<6.24.0',
55 silly audit report       cwe: [Array],
55 silly audit report       cvss: [Object]
55 silly audit report     },
55 silly audit report     {
55 silly audit report       id: 1114640,
55 silly audit report       url: 'https://github.com/advisories/GHSA-v9p9-hfj2-hcw8',
55 silly audit report       title: 'Undici has Unhandled Exception in WebSocket Client Due to Invalid server_max_window_bits Validation',
55 silly audit report       severity: 'high',
55 silly audit report       vulnerable_versions: '<6.24.0',
55 silly audit report       cwe: [Array],
55 silly audit report       cvss: [Object]
55 silly audit report     },
55 silly audit report     {
55 silly audit report       id: 1114642,
55 silly audit report       url: 'https://github.com/advisories/GHSA-4992-7rv2-5pvq',
55 silly audit report       title: 'Undici has CRLF Injection in undici via `upgrade` option',
55 silly audit report       severity: 'moderate',
55 silly audit report       vulnerable_versions: '<6.24.0',
55 silly audit report       cwe: [Array],
55 silly audit report       cvss: [Object]
55 silly audit report     }
55 silly audit report   ],
55 silly audit report   yaml: [
55 silly audit report     {
55 silly audit report       id: 1115556,
55 silly audit report       url: 'https://github.com/advisories/GHSA-48c2-rrv3-qjmp',
55 silly audit report       title: 'yaml is vulnerable to Stack Overflow via deeply nested YAML collections',
55 silly audit report       severity: 'moderate',
55 silly audit report       vulnerable_versions: '>=2.0.0 <2.8.3',
55 silly audit report       cwe: [Array],
55 silly audit report       cvss: [Object]
55 silly audit report     }
55 silly audit report   ]
55 silly audit report }
56 silly packumentCache corgi:https://registry.npmjs.org/uuid cache-miss
57 silly packumentCache corgi:https://registry.npmjs.org/@supabase%2fauth-js cache-miss
58 silly packumentCache corgi:https://registry.npmjs.org/@tootallnate%2fonce cache-miss
59 silly packumentCache corgi:https://registry.npmjs.org/brace-expansion cache-miss
60 silly packumentCache corgi:https://registry.npmjs.org/minimatch cache-miss
61 silly packumentCache corgi:https://registry.npmjs.org/ajv cache-miss
62 silly packumentCache corgi:https://registry.npmjs.org/axios cache-miss
63 silly packumentCache corgi:https://registry.npmjs.org/dompurify cache-miss
64 silly packumentCache corgi:https://registry.npmjs.org/fast-xml-parser cache-miss
65 silly packumentCache corgi:https://registry.npmjs.org/flatted cache-miss
66 silly packumentCache corgi:https://registry.npmjs.org/follow-redirects cache-miss
67 silly packumentCache corgi:https://registry.npmjs.org/glob cache-miss
68 silly packumentCache corgi:https://registry.npmjs.org/jspdf cache-miss
69 silly packumentCache corgi:https://registry.npmjs.org/lodash cache-miss
70 silly packumentCache corgi:https://registry.npmjs.org/next cache-miss
71 silly packumentCache corgi:https://registry.npmjs.org/postcss cache-miss
72 silly packumentCache corgi:https://registry.npmjs.org/node-forge cache-miss
73 silly packumentCache corgi:https://registry.npmjs.org/picomatch cache-miss
74 silly packumentCache corgi:https://registry.npmjs.org/protobufjs cache-miss
75 silly packumentCache corgi:https://registry.npmjs.org/tmp cache-miss
76 silly packumentCache corgi:https://registry.npmjs.org/undici cache-miss
77 silly packumentCache corgi:https://registry.npmjs.org/yaml cache-miss
78 http fetch GET 200 https://registry.npmjs.org/googleapis-common/-/googleapis-common-7.2.0.tgz 275ms (cache miss)
79 http fetch GET 200 https://registry.npmjs.org/qs/-/qs-6.15.1.tgz 275ms (cache miss)
80 http fetch GET 200 https://registry.npmjs.org/uuid/-/uuid-9.0.1.tgz 281ms (cache miss)
81 warn deprecated uuid@9.0.1: uuid@10 and below is no longer supported.  For ESM codebases, update to uuid@latest.  For CommonJS codebases, use uuid@11 (but be aware this version will likely be deprecated in 2028).
82 http fetch GET 200 https://registry.npmjs.org/minimatch 87ms (cache miss)
83 silly packumentCache corgi:https://registry.npmjs.org/minimatch set size:undefined disposed:false
84 http fetch GET 200 https://registry.npmjs.org/brace-expansion 93ms (cache miss)
85 silly packumentCache corgi:https://registry.npmjs.org/brace-expansion set size:undefined disposed:false
86 http fetch GET 200 https://registry.npmjs.org/ajv 119ms (cache miss)
87 silly packumentCache corgi:https://registry.npmjs.org/ajv set size:undefined disposed:false
88 http fetch GET 200 https://registry.npmjs.org/@supabase%2fauth-js 141ms (cache miss)
89 silly packumentCache corgi:https://registry.npmjs.org/@supabase%2fauth-js set size:undefined disposed:false
90 http fetch GET 200 https://registry.npmjs.org/@tootallnate%2fonce 145ms (cache miss)
91 silly packumentCache corgi:https://registry.npmjs.org/@tootallnate%2fonce set size:undefined disposed:false
92 http fetch GET 200 https://registry.npmjs.org/node-forge 173ms (cache miss)
93 silly packumentCache corgi:https://registry.npmjs.org/node-forge set size:undefined disposed:false
94 http fetch GET 200 https://registry.npmjs.org/postcss 204ms (cache miss)
95 silly packumentCache corgi:https://registry.npmjs.org/postcss set size:undefined disposed:false
96 http fetch GET 200 https://registry.npmjs.org/picomatch 211ms (cache miss)
97 silly packumentCache corgi:https://registry.npmjs.org/picomatch set size:undefined disposed:false
98 http fetch GET 200 https://registry.npmjs.org/tmp 246ms (cache miss)
99 silly packumentCache corgi:https://registry.npmjs.org/tmp set size:undefined disposed:false
100 http fetch GET 200 https://registry.npmjs.org/protobufjs 246ms (cache miss)
101 silly packumentCache corgi:https://registry.npmjs.org/protobufjs set size:undefined disposed:false
102 http fetch GET 200 https://registry.npmjs.org/undici 314ms (cache miss)
103 silly packumentCache corgi:https://registry.npmjs.org/undici set size:undefined disposed:false
104 http fetch GET 200 https://registry.npmjs.org/follow-redirects 353ms (cache miss)
105 silly packumentCache corgi:https://registry.npmjs.org/follow-redirects set size:undefined disposed:false
106 http fetch GET 200 https://registry.npmjs.org/yaml 360ms (cache miss)
107 silly packumentCache corgi:https://registry.npmjs.org/yaml set size:undefined disposed:false
108 http fetch GET 200 https://registry.npmjs.org/lodash 372ms (cache miss)
109 silly packumentCache corgi:https://registry.npmjs.org/lodash set size:undefined disposed:false
110 http fetch GET 200 https://registry.npmjs.org/uuid 398ms (cache miss)
111 silly packumentCache corgi:https://registry.npmjs.org/uuid set size:undefined disposed:false
112 http fetch GET 200 https://registry.npmjs.org/glob 397ms (cache miss)
113 silly packumentCache corgi:https://registry.npmjs.org/glob set size:undefined disposed:false
114 http fetch GET 200 https://registry.npmjs.org/flatted 398ms (cache miss)
115 silly packumentCache corgi:https://registry.npmjs.org/flatted set size:undefined disposed:false
116 http fetch GET 200 https://registry.npmjs.org/fast-xml-parser 399ms (cache miss)
117 silly packumentCache corgi:https://registry.npmjs.org/fast-xml-parser set size:undefined disposed:false
118 http fetch GET 200 https://registry.npmjs.org/dompurify 406ms (cache miss)
119 silly packumentCache corgi:https://registry.npmjs.org/dompurify set size:undefined disposed:false
120 http fetch GET 200 https://registry.npmjs.org/jspdf 417ms (cache miss)
121 silly packumentCache corgi:https://registry.npmjs.org/jspdf set size:undefined disposed:false
122 http fetch GET 200 https://registry.npmjs.org/axios 435ms (cache miss)
123 silly packumentCache corgi:https://registry.npmjs.org/axios set size:undefined disposed:false
124 http fetch GET 200 https://registry.npmjs.org/googleapis/-/googleapis-140.0.1.tgz 808ms (cache miss)
125 http fetch GET 200 https://registry.npmjs.org/next 762ms (cache miss)
126 silly packumentCache corgi:https://registry.npmjs.org/next set size:undefined disposed:false
127 silly packumentCache corgi:https://registry.npmjs.org/@google-cloud%2fstorage cache-miss
128 silly packumentCache corgi:https://registry.npmjs.org/gaxios cache-miss
129 silly packumentCache corgi:https://registry.npmjs.org/google-gax cache-miss
130 silly packumentCache corgi:https://registry.npmjs.org/teeny-request cache-miss
131 silly packumentCache corgi:https://registry.npmjs.org/firebase-admin cache-miss
132 silly packumentCache corgi:https://registry.npmjs.org/googleapis-common cache-miss
133 http fetch GET 200 https://registry.npmjs.org/teeny-request 105ms (cache miss)
134 silly packumentCache corgi:https://registry.npmjs.org/teeny-request set size:undefined disposed:false
135 http fetch GET 200 https://registry.npmjs.org/googleapis-common 112ms (cache miss)
136 silly packumentCache corgi:https://registry.npmjs.org/googleapis-common set size:undefined disposed:false
137 http fetch GET 200 https://registry.npmjs.org/google-gax 125ms (cache miss)
138 silly packumentCache corgi:https://registry.npmjs.org/google-gax set size:undefined disposed:false
139 http fetch GET 200 https://registry.npmjs.org/gaxios 134ms (cache miss)
140 silly packumentCache corgi:https://registry.npmjs.org/gaxios set size:undefined disposed:false
141 http fetch GET 200 https://registry.npmjs.org/firebase-admin 136ms (cache miss)
142 silly packumentCache corgi:https://registry.npmjs.org/firebase-admin set size:undefined disposed:false
143 http fetch GET 200 https://registry.npmjs.org/@google-cloud%2fstorage 138ms (cache miss)
144 silly packumentCache corgi:https://registry.npmjs.org/@google-cloud%2fstorage set size:undefined disposed:false
145 silly packumentCache corgi:https://registry.npmjs.org/@supabase%2fsupabase-js cache-miss
146 http fetch GET 200 https://registry.npmjs.org/@supabase%2fsupabase-js 138ms (cache miss)
147 silly packumentCache corgi:https://registry.npmjs.org/@supabase%2fsupabase-js set size:undefined disposed:false
148 silly packumentCache corgi:https://registry.npmjs.org/http-proxy-agent cache-miss
149 http fetch GET 200 https://registry.npmjs.org/http-proxy-agent 61ms (cache miss)
150 silly packumentCache corgi:https://registry.npmjs.org/http-proxy-agent set size:undefined disposed:false
151 silly packumentCache corgi:https://registry.npmjs.org/@eslint%2feslintrc cache-miss
152 silly packumentCache corgi:https://registry.npmjs.org/@humanwhocodes%2fconfig-array cache-miss
153 silly packumentCache corgi:https://registry.npmjs.org/eslint cache-miss
154 silly packumentCache corgi:https://registry.npmjs.org/eslint-plugin-import cache-miss
155 silly packumentCache corgi:https://registry.npmjs.org/eslint-plugin-jsx-a11y cache-miss
156 silly packumentCache corgi:https://registry.npmjs.org/eslint-plugin-react cache-miss
157 http fetch GET 200 https://registry.npmjs.org/@eslint%2feslintrc 87ms (cache miss)
158 silly packumentCache corgi:https://registry.npmjs.org/@eslint%2feslintrc set size:undefined disposed:false
159 http fetch GET 200 https://registry.npmjs.org/eslint-plugin-react 91ms (cache miss)
160 silly packumentCache corgi:https://registry.npmjs.org/eslint-plugin-react set size:undefined disposed:false
161 http fetch GET 200 https://registry.npmjs.org/eslint-plugin-jsx-a11y 95ms (cache miss)
162 silly packumentCache corgi:https://registry.npmjs.org/eslint-plugin-jsx-a11y set size:undefined disposed:false
163 http fetch GET 200 https://registry.npmjs.org/eslint-plugin-import 100ms (cache miss)
164 silly packumentCache corgi:https://registry.npmjs.org/eslint-plugin-import set size:undefined disposed:false
165 http fetch GET 200 https://registry.npmjs.org/@humanwhocodes%2fconfig-array 110ms (cache miss)
166 silly packumentCache corgi:https://registry.npmjs.org/@humanwhocodes%2fconfig-array set size:undefined disposed:false
167 http fetch GET 200 https://registry.npmjs.org/eslint 129ms (cache miss)
168 silly packumentCache corgi:https://registry.npmjs.org/eslint set size:undefined disposed:false
169 silly packumentCache corgi:https://registry.npmjs.org/@typescript-eslint%2ftypescript-estree cache-miss
170 http fetch GET 200 https://registry.npmjs.org/@typescript-eslint%2ftypescript-estree 446ms (cache miss)
171 silly packumentCache corgi:https://registry.npmjs.org/@typescript-eslint%2ftypescript-estree set size:undefined disposed:false
172 silly packumentCache corgi:https://registry.npmjs.org/flat-cache cache-miss
173 http fetch GET 200 https://registry.npmjs.org/flat-cache 62ms (cache miss)
174 silly packumentCache corgi:https://registry.npmjs.org/flat-cache set size:undefined disposed:false
175 silly packumentCache corgi:https://registry.npmjs.org/@next%2feslint-plugin-next cache-miss
176 http fetch GET 200 https://registry.npmjs.org/@next%2feslint-plugin-next 189ms (cache miss)
177 silly packumentCache corgi:https://registry.npmjs.org/@next%2feslint-plugin-next set size:undefined disposed:false
178 silly packumentCache corgi:https://registry.npmjs.org/recharts cache-miss
179 http fetch GET 200 https://registry.npmjs.org/recharts 82ms (cache miss)
180 silly packumentCache corgi:https://registry.npmjs.org/recharts set size:undefined disposed:false
181 silly packumentCache corgi:https://registry.npmjs.org/postcss-import cache-miss
182 silly packumentCache corgi:https://registry.npmjs.org/postcss-js cache-miss
183 silly packumentCache corgi:https://registry.npmjs.org/postcss-nested cache-miss
184 silly packumentCache corgi:https://registry.npmjs.org/tailwindcss cache-miss
185 silly packumentCache corgi:https://registry.npmjs.org/postcss-load-config cache-miss
186 http fetch GET 200 https://registry.npmjs.org/postcss-js 128ms (cache miss)
187 silly packumentCache corgi:https://registry.npmjs.org/postcss-js set size:undefined disposed:false
188 http fetch GET 200 https://registry.npmjs.org/postcss-nested 136ms (cache miss)
189 silly packumentCache corgi:https://registry.npmjs.org/postcss-nested set size:undefined disposed:false
190 http fetch GET 200 https://registry.npmjs.org/postcss-load-config 142ms (cache miss)
191 silly packumentCache corgi:https://registry.npmjs.org/postcss-load-config set size:undefined disposed:false
192 http fetch GET 200 https://registry.npmjs.org/postcss-import 144ms (cache miss)
193 silly packumentCache corgi:https://registry.npmjs.org/postcss-import set size:undefined disposed:false
194 http fetch GET 200 https://registry.npmjs.org/tailwindcss 255ms (cache miss)
195 silly packumentCache corgi:https://registry.npmjs.org/tailwindcss set size:undefined disposed:false
196 silly packumentCache corgi:https://registry.npmjs.org/anymatch cache-miss
197 silly packumentCache corgi:https://registry.npmjs.org/micromatch cache-miss
198 silly packumentCache corgi:https://registry.npmjs.org/readdirp cache-miss
199 http fetch GET 200 https://registry.npmjs.org/anymatch 58ms (cache miss)
200 silly packumentCache corgi:https://registry.npmjs.org/anymatch set size:undefined disposed:false
201 http fetch GET 200 https://registry.npmjs.org/micromatch 59ms (cache miss)
202 silly packumentCache corgi:https://registry.npmjs.org/micromatch set size:undefined disposed:false
203 http fetch GET 200 https://registry.npmjs.org/readdirp 69ms (cache miss)
204 silly packumentCache corgi:https://registry.npmjs.org/readdirp set size:undefined disposed:false
205 silly packumentCache corgi:https://registry.npmjs.org/tinyglobby cache-miss
206 silly packumentCache corgi:https://registry.npmjs.org/fdir cache-miss
207 http fetch GET 200 https://registry.npmjs.org/fdir 49ms (cache miss)
208 silly packumentCache corgi:https://registry.npmjs.org/fdir set size:undefined disposed:false
209 http fetch GET 200 https://registry.npmjs.org/tinyglobby 54ms (cache miss)
210 silly packumentCache corgi:https://registry.npmjs.org/tinyglobby set size:undefined disposed:false
211 silly packumentCache corgi:https://registry.npmjs.org/@google-cloud%2ffirestore cache-miss
212 silly packumentCache corgi:https://registry.npmjs.org/@grpc%2fproto-loader cache-miss
213 silly packumentCache corgi:https://registry.npmjs.org/proto3-json-serializer cache-miss
214 http fetch GET 200 https://registry.npmjs.org/proto3-json-serializer 99ms (cache miss)
215 silly packumentCache corgi:https://registry.npmjs.org/proto3-json-serializer set size:undefined disposed:false
216 http fetch GET 200 https://registry.npmjs.org/@google-cloud%2ffirestore 119ms (cache miss)
217 silly packumentCache corgi:https://registry.npmjs.org/@google-cloud%2ffirestore set size:undefined disposed:false
218 http fetch GET 200 https://registry.npmjs.org/@grpc%2fproto-loader 125ms (cache miss)
219 silly packumentCache corgi:https://registry.npmjs.org/@grpc%2fproto-loader set size:undefined disposed:false
220 silly packumentCache corgi:https://registry.npmjs.org/patch-package cache-miss
221 http fetch GET 200 https://registry.npmjs.org/patch-package 68ms (cache miss)
222 silly packumentCache corgi:https://registry.npmjs.org/patch-package set size:undefined disposed:false
223 silly packumentCache corgi:https://registry.npmjs.org/@firebase%2fauth-compat cache-miss
224 silly packumentCache corgi:https://registry.npmjs.org/@firebase%2fauth cache-miss
225 silly packumentCache corgi:https://registry.npmjs.org/@firebase%2ffirestore cache-miss
226 silly packumentCache corgi:https://registry.npmjs.org/@firebase%2ffunctions cache-miss
227 silly packumentCache corgi:https://registry.npmjs.org/@firebase%2fstorage cache-miss
228 http fetch GET 200 https://registry.npmjs.org/@firebase%2fauth-compat 158ms (cache miss)
229 silly packumentCache corgi:https://registry.npmjs.org/@firebase%2fauth-compat set size:undefined disposed:false
230 http fetch GET 200 https://registry.npmjs.org/@firebase%2fauth 295ms (cache miss)
231 silly packumentCache corgi:https://registry.npmjs.org/@firebase%2fauth set size:undefined disposed:false
232 http fetch GET 200 https://registry.npmjs.org/@firebase%2ffunctions 390ms (cache miss)
233 silly packumentCache corgi:https://registry.npmjs.org/@firebase%2ffunctions set size:undefined disposed:false
234 http fetch GET 200 https://registry.npmjs.org/@firebase%2ffirestore 465ms (cache miss)
235 silly packumentCache corgi:https://registry.npmjs.org/@firebase%2ffirestore set size:undefined disposed:false
236 http fetch GET 200 https://registry.npmjs.org/@firebase%2fstorage 527ms (cache miss)
237 silly packumentCache corgi:https://registry.npmjs.org/@firebase%2fstorage set size:undefined disposed:false
238 silly packumentCache corgi:https://registry.npmjs.org/retry-request cache-miss
239 http fetch GET 200 https://registry.npmjs.org/retry-request 109ms (cache miss)
240 silly packumentCache corgi:https://registry.npmjs.org/retry-request set size:undefined disposed:false
241 silly packumentCache corgi:https://registry.npmjs.org/googleapis cache-miss
242 http fetch GET 200 https://registry.npmjs.org/googleapis 81ms (cache miss)
243 silly packumentCache corgi:https://registry.npmjs.org/googleapis set size:undefined disposed:false
244 silly packumentCache corgi:https://registry.npmjs.org/gcp-metadata cache-miss
245 silly packumentCache corgi:https://registry.npmjs.org/google-auth-library cache-miss
246 silly packumentCache corgi:https://registry.npmjs.org/gtoken cache-miss
247 http fetch GET 200 https://registry.npmjs.org/gcp-metadata 81ms (cache miss)
248 silly packumentCache corgi:https://registry.npmjs.org/gcp-metadata set size:undefined disposed:false
249 http fetch GET 200 https://registry.npmjs.org/gtoken 87ms (cache miss)
250 silly packumentCache corgi:https://registry.npmjs.org/gtoken set size:undefined disposed:false
251 http fetch GET 200 https://registry.npmjs.org/google-auth-library 94ms (cache miss)
252 silly packumentCache corgi:https://registry.npmjs.org/google-auth-library set size:undefined disposed:false
253 silly packumentCache corgi:https://registry.npmjs.org/@typescript-eslint%2fparser cache-miss
254 silly packumentCache corgi:https://registry.npmjs.org/@typescript-eslint%2ftype-utils cache-miss
255 silly packumentCache corgi:https://registry.npmjs.org/@typescript-eslint%2futils cache-miss
256 http fetch GET 200 https://registry.npmjs.org/@typescript-eslint%2futils 282ms (cache miss)
257 silly packumentCache corgi:https://registry.npmjs.org/@typescript-eslint%2futils set size:undefined disposed:false
258 http fetch GET 200 https://registry.npmjs.org/@typescript-eslint%2ftype-utils 11680ms (cache miss)
259 silly packumentCache corgi:https://registry.npmjs.org/@typescript-eslint%2ftype-utils set size:undefined disposed:false
260 http fetch GET 200 https://registry.npmjs.org/@typescript-eslint%2fparser 11860ms (cache miss)
261 silly packumentCache corgi:https://registry.npmjs.org/@typescript-eslint%2fparser set size:undefined disposed:false
262 silly packumentCache corgi:https://registry.npmjs.org/eslint-config-next cache-miss
263 http fetch GET 200 https://registry.npmjs.org/eslint-config-next 230ms (cache miss)
264 silly packumentCache corgi:https://registry.npmjs.org/eslint-config-next set size:undefined disposed:false
265 silly packumentCache corgi:https://registry.npmjs.org/firebase cache-miss
266 http fetch GET 200 https://registry.npmjs.org/firebase 544ms (cache miss)
267 silly packumentCache corgi:https://registry.npmjs.org/firebase set size:undefined disposed:false
268 silly packumentCache corgi:https://registry.npmjs.org/@firebase%2ffunctions-compat cache-miss
269 http fetch GET 200 https://registry.npmjs.org/@firebase%2ffunctions-compat 4979ms (cache miss)
270 silly packumentCache corgi:https://registry.npmjs.org/@firebase%2ffunctions-compat set size:undefined disposed:false
271 silly packumentCache corgi:https://registry.npmjs.org/@firebase%2fstorage-compat cache-miss
272 http fetch GET 200 https://registry.npmjs.org/@firebase%2fstorage-compat 5219ms (cache miss)
273 silly packumentCache corgi:https://registry.npmjs.org/@firebase%2fstorage-compat set size:undefined disposed:false
274 silly packumentCache corgi:https://registry.npmjs.org/@firebase%2ffirestore-compat cache-miss
275 http fetch GET 200 https://registry.npmjs.org/@firebase%2ffirestore-compat 6426ms (cache miss)
276 silly packumentCache corgi:https://registry.npmjs.org/@firebase%2ffirestore-compat set size:undefined disposed:false
277 silly packumentCache corgi:https://registry.npmjs.org/@typescript-eslint%2feslint-plugin cache-miss
278 http fetch GET 200 https://registry.npmjs.org/@typescript-eslint%2feslint-plugin 5480ms (cache miss)
279 silly packumentCache corgi:https://registry.npmjs.org/@typescript-eslint%2feslint-plugin set size:undefined disposed:false
280 silly ADD node_modules/url-template
281 silly ADD node_modules/qs
282 silly ADD node_modules/googleapis-common
283 silly ADD node_modules/googleapis-common/node_modules/uuid
284 silly ADD node_modules/googleapis
285 verbose cwd /Users/dylanvroegop/Documents/studio
286 verbose os Darwin 24.5.0
287 verbose node v25.9.0
288 verbose npm  v11.12.1
289 notice
289 notice New minor version of npm available! 11.12.1 -> 11.13.0
289 notice Changelog: https://github.com/npm/cli/releases/tag/v11.13.0
289 notice To update run: npm install -g npm@11.13.0
289 notice  { force: true, Symbol(proc-log.meta): true }
290 verbose exit 0
291 info ok
